OBJECTID,COUNTYNBR,NAME,COUNTYSEAT,SHORTDESC,UPDATED,FIPS,ENTITYNBR,SALESTAXID,IMSCOLOR,MINNAME,POPLASTCENSUS,POPLASTESTIMATE,UGRCODE,GNIS,GlobalID,Shape__Area,Shape__Length
112,25,Alpine,0,ALPINE,9/1/17 0:00,00540,3010,001,4, ,10251,10304,ALP,1438174,6f352b49-27b7-402b-9427-6a68b9fa5b4c,35599905.18,35280.24699
57,18,Alta,0,ALTA,,00650,3010,003,3, ,228,227,ALA,1437483,cb146050-1ecb-4c73-a2c0-33224bb247dc,20350476.85,23115.25239
86,07,Altamont,0,ALTAMONT,8/23/10 0:00,00760,3010,001,1, ,239,245,AMT,1425096,e74de59f-f7f3-48ad-8ce1-4b0fb45ebf68,945293.6484,4769.040732
238,13,Alton,0,ALTON,,00870,3010,001,4, ,118,117,ALT,1438182,5fe4f880-0ec4-4af4-b6d2-e8775e987311,9554227.359,21713.47405
68,03,Amalga,0,AMALGA,8/31/12 0:00,01090,3010,001,1, ,482,500,AMG,1437485,039ecd69-70c8-400e-8c69-3cc716b76031,16579396.25,32788.58312
216,25,American Fork,0,AMERICAN FORK,11/14/23 0:00,01310,3020,002,1,American Fork,33337,37268,AFK,1438194,c0e04ca7-25b1-4e2e-a48a-d4353103e701,51170399.72,88442.90074
233,21,Annabella,0,ANNABELLA TOWN,8/31/10 0:00,01750,3010,001,1, ,836,872,ANN,1438228,c5ad2645-c9bf-4ccb-b71c-e0c4600a0244,2773608.93,10650.57916
74,09,Antimony,0,ANTIMONY,12/15/10 0:00,01860,3010,001,4, ,118,124,ANT,1438250,6dd94b56-a4a9-4d6e-82a8-4176fcfbc611,41292182.35,35266.55987
247,27,Apple Valley,0,APPLE VALLEY,1/17/08 0:00,01905,3005,002,3, ,855,900,APP,2061574,9d5e167d-4882-44b8-b2b8-f1007c363bb4,161907332,88233.79249
43,21,Aurora,0,AURORA,3/14/23 0:00,02740,3020,002,1, ,984,1030,AUR,1438307,8a566295-a7ea-495f-b3e5-22474453f824,4004220.234,12425.68425
37,24,Ballard,0,BALLARD,11/30/12 0:00,03345,3010,028,1, ,1131,1191,BAL,1455969,a1690a05-5033-4f8a-ba22-1d494cf2c803,62175667.74,34618.01645
241,02,Bear River City,0,BEAR RIVER CITY,5/25/12 0:00,03950,3010,004,3, ,877,878,BRC,1438487,3b13129a-a8ce-4f7a-be62-eaf244fc2363,8331231.059,16873.43587
193,01,Beaver,1,BEAVER,5/16/22 0:00,04060,3010,002,1,Beaver,3592,3708,BVR,1438510,faf5d84b-6d8f-42dc-8c17-bbead1d06c3b,28199509.39,45655.15638
28,28,Bicknell,0,BICKNELL,11/4/10 0:00,05490,3010,001,1, ,323,337,BIC,1438623,d53dd230-9201-422f-9650-1690a6012121,2409287.605,8645.580558
48,13,Big Water,0,BIG WATER,,05534,3020,010,1,Big Water,449,487,BGW,1455970,d41d26d2-8e91-46c9-82a8-2932ce92c2ee,24423887.46,24211.15366
160,19,Blanding,0,BLANDING,5/24/24 0:00,06370,3010,002,1,Blanding,3394,3229,BLA,1438903,c53f2072-cc15-4ba5-a040-a092c3e23293,54719275.14,69388.63364
99,19,Bluff,0,BLUFF,3/1/19 0:00,06700,3015,19,4,Bluff,240,243,BLF,1425842,c5b1dbee-31ed-4ae6-b804-5d7f6dd982af,151649737.6,86753.68543
26,18,Bluffdale,0,BLUFFDALE (SL CO),11/15/18 0:00,06810,3020,019,4,,17014,19080,BDL,1425844,3d5e4a34-182f-4234-b5e7-13a2db541081,46710621.67,38425.71791
176,25,Bluffdale,0,BLUFFDALE (UTAH CO),12/15/11 0:00,06810,3020,019,4,,17014,19080,BDL,1425844,254ef113-9c9f-4958-873e-aeac52caf707,3033724.562,8752.870623
153,09,Boulder,0,BOULDER,12/15/10 0:00,07470,3020,002,1,Boulder,227,241,BLD,1437510,838e62c8-8032-4f0d-a451-9c3742ffb0e0,87335457.32,49048.10786
208,06,Bountiful,0,BOUNTIFUL,,07690,3010,004,3,Bountiful,45762,44481,BTF,1439039,31393e83-3440-4c6e-bfc0-cd215153f1a7,59929887.19,52005.69675
10,11,Brian Head,0,BRIAN HEAD CITY,12/15/10 0:00,08020,3010,028,3, ,151,155,BHD,1448176,31c22413-8730-4b07-bffb-073292f20392,26913775.23,27107.38998
47,02,Brigham City,1,BRIGHAM CITY,6/17/19 0:00,08460,3020,017,2,Brigham,19650,19963,BGM,1439109,68eb99bb-8193-4947-8005-2803905cbdf8,117028609.4,84894.92593
104,18,Brighton,0,BRIGHTON,1/2/20 0:00,08570,3022,18010,2,Brighton,432,441,BRT,1439115,cd6ecf36-78a4-46a8-9b14-638ac9170b45,71423836.31,45642.20671
214,09,Bryce Canyon City,0,BRYCE CANYON CITY,12/15/10 0:00,08787,3015,003,3,Bryce Cyn,336,332,BRY,1439206,1a305a14-0a44-438f-8438-d324102d6a82,13874725.66,24229.60928
185,09,Cannonville,0,CANNONVILLE,8/4/22 0:00,10330,3030,004,1, ,186,193,CAN,1426344,28da96ee-385e-4586-9cbc-b44c894a5602,14914318.91,44932.49502
141,08,Castle Dale,1,CASTLE DALE,3/23/22 0:00,10660,3010,001,1,Castle Dale,1492,1530,CDL,1426380,840c7141-ea4d-4f7a-966e-917d1028a9ef,9759296.824,22193.26076
164,10,Castle Valley,0,CASTLE VALLEY,9/19/07 0:00,11000,3010,005,1, ,347,360,CSV,1450284,29a9ff3c-734e-4381-8bc6-a5a372863856,37360377.47,31034.02675
125,11,Cedar City,0,CEDAR CITY,5/10/24 0:00,11320,3020,003,1,Cedar City,35235,38692,CDC,1426441,6a0407d3-a57e-4065-b4c4-79bacf67c0c6,150407291.7,150586.484
23,25,Cedar Fort,0,CEDAR FORT,2/8/16 0:00,11430,3030,019,4, ,427,420,CDF,1455091,db0024e2-512c-4478-ba0a-120c18640cf5,94447867.79,49141.91621
201,25,Cedar Hills,0,CEDAR HILLS,10/6/22 0:00,11440,3040,123,3, ,10019,9956,CHL,1455858,19448aed-bc7e-47a9-8006-c7acad529428,12222124.72,30071.93543
110,20,Centerfield,0,CENTERFIELD,6/9/15 0:00,11870,3010,004,1, ,1341,1398,CFD,1426506,80528cdf-ae63-4601-bf6d-69357fafad99,8221643.559,11547.07044
132,06,Centerville,0,CENTERVILLE,,11980,3020,006,1, ,16884,16502,CEN,1439622,5aac9644-190b-4a7a-9db3-83c1e618e355,27258386.79,31951.94108
224,21,Central Valley,0,CENTRAL VALLEY,5/24/24 0:00,12260,3015,007,2,,647,671,CVY,1439625,5bb6b898-7197-4263-ac3c-d9db697c9962,8957344.293,28332.03228
157,26,Charleston,0,CHARLESTON,3/6/23 0:00,12420,3010,003,4, ,436,421,CHA,1426539,633494cc-6fbc-45ff-9ee4-9e4ba560f406,14484543.69,24335.65706
27,16,Circleville,0,CIRCLEVILLE,9/27/10 0:00,12970,3010,003,1, ,550,544,CIR,1439749,99e14170-7df2-4a66-8d0f-13eeea6e0609,46410072.7,35121.96301
218,03,Clarkston,0,CLARKSTON,8/12/10 0:00,13190,3020,014,3, ,749,763,CLK,1426671,200bc6ee-783e-4301-ae34-d5727c8bb59e,4329011.027,10943.66437
19,08,Clawson,0,CLAWSON,1/3/14 0:00,13300,3020,003,3, ,162,170,CLW,1426675,b69e7466-054a-427e-86cc-0d444a79ff2c,4312614.309,16508.71445
98,06,Clearfield,0,CLEARFIELD,12/17/14 0:00,13850,3030,008,4, ,31909,34062,CLR,1439799,d2112060-c3ac-4ffa-8817-5bd2bef6506c,35244679.42,31879.88641
5,08,Cleveland,0,CLEVELAND,1/9/23 0:00,14070,3030,004,1, ,497,510,CLE,1426712,e24dd82c-61e7-4fe0-913c-0332e976bc74,3879035.219,12015.07648
149,06,Clinton,0,CLINTON,,14290,3040,059,3, ,23386,23538,CLI,1426725,9ec3c3e9-f2af-4b10-a5a3-99d34e639a41,27114812.5,26090.564
130,22,Coalville,1,COALVILLE,7/10/18 0:00,14840,3010,006,1, ,1486,1524,COA,1426770,8da745e2-4a64-4155-9b84-80c3d868694b,30033749.59,39947.26241
152,18,Copperton,0,COPPERTON,8/20/24 0:00,15720,3900,,4,Copperton,829,840,CMT,,ce471efd-1cb1-423d-abbb-9c323a9ef751,1407033.258,8080.141764
46,02,Corinne,0,CORINNE CITY,5/25/12 0:00,15830,3030,025,4, ,809,853,COR,1439951,864e6cef-3eac-45f0-9730-2736ec46ebe0,17860940.12,26640.85157
183,03,Cornish,0,CORNISH,12/15/11 0:00,15940,3030,017,1, ,274,276,CSH,1437533,74cc44a3-af6e-42ea-a838-b383c36fc469,25300324.84,31836.30176
197,18,Cottonwood Heights,0,COTTONWOOD HEIGHTS,10/15/14 0:00,16270,3025,020,2,,33617,32420,COT,1440025,7e9364ae-1314-4433-8028-c18df0ba9b2e,41563685.36,37878.6102
84,26,Daniel,0,DANIEL ,12/12/13 0:00,34200,3015,005,2,,916,887,DAN,1455872,397a6aeb-b303-45a6-ace4-496604a2026c,14755038.25,34560.84016
76,14,Delta,0,DELTA CITY,12/1/23 0:00,18910,3010,010,1,Delta,3622,3724,DEL,1427334,fe4c360b-64f7-4644-9437-4438905ebfcd,37914901.3,57483.16622
192,02,Deweyville,0,DEWEYVILLE,2/23/24 0:00,19680,3040,032,4, ,417,430,DEW,1455092,f6971e20-b98e-42d7-a799-bbd98cf52cc7,29612211.06,37671.64203
195,18,Draper,0,DRAPER CITY (SL CO),2/29/24 0:00,20120,3030,029,1,Draper City,51017,50731,DRA,1427473,98cb3e64-4dc3-4c9d-8095-bd4962777c2d,98546168.73,65163.83387
206,25,Draper,0,DRAPER CITY (UTAH CO),7/18/11 0:00,20120,3045,029,1,Draper City,51017,50731,DRA,1427473,d4fe63f6-d1f9-45a3-9b45-cc9ba63ae0c4,28742179.36,36435.46202
235,07,Duchesne,1,DUCHESNE,4/26/19 0:00,20340,3020,008,2,Duchesne,1588,1623,DUC,1427601,b59ca9ce-98ed-435a-9c92-e1ec3d21e38a,12420749.53,29211.9067
169,05,Dutch John,0,DUTCH JOHN CITY,8/10/15 0:00,20780,3005,,1,Dutch John,141,149,DUT,1440738,5e508ebb-728c-496e-98e3-a8df4c9bda74,28557589.89,23388.354
207,25,Eagle Mountain,0,EAGLE MOUNTAIN,6/23/22 0:00,20810,3047,030,2, ,43623,54149,EAG,1759211,d7fa9feb-5c77-4c3a-9c04-ccc048899d45,228031790.8,104693.1948
243,04,East Carbon,0,EAST CARBON CITY,12/18/13 0:00,20890,3010,,1,East Carbon City,1556,1567,ECC,2410386,9a5fd5c3-4600-48ef-bd41-ee825cd7960f,49160683.34,57584.2516
105,25,Elk Ridge,0,ELK RIDGE,5/1/20 0:00,22370,3050,124,2, ,4687,4907,ELK,1455857,1c49776b-7436-49e7-896c-647731fa9934,12932997.25,28146.67751
13,08,Elmo,0,ELMO,3/26/12 0:00,22540,3040,007,2, ,405,415,ELM,1427806,4173d99c-793e-47ea-b58c-09371955a2ea,3063070.273,10933.90066
127,21,Elsinore,0,ELSINORE,5/17/21 0:00,22650,3030,014,1, ,802,865,ELS,1440921,4a6bf55a-eb17-418d-92c3-79cbf5a0b1c9,11174804.56,16638.57133
199,02,Elwood,0,ELWOOD,2/14/23 0:00,22760,3050,035,2, ,1173,1249,ELW,1427809,1a552094-3cff-4902-a6a5-c27a09c09bda,40201506.44,58763.13106
38,08,Emery,0,EMERY,3/26/12 0:00,22870,3050,008,1, ,307,315,EMY,1440926,f670e6d5-cbe0-48e0-b427-1d8b52040e41,5260972.199,16561.31714
93,18,Emigration Canyon,0,EMIGRATION CANYON,7/16/24 0:00,22875,3901,,2,Emigration Canyon,1466,1484,,,8a3ca828-07ee-4887-851d-51f5ef6963a7,82398919.92,43970.70407
91,11,Enoch,0,ENOCH,4/25/24 0:00,23200,3030,005,4, ,7374,8231,ENO,1437554,24a19714-d091-413f-9feb-4e761fab615c,32759605.45,55265.83929
229,27,Enterprise,0,ENTERPRISE,6/23/21 0:00,23420,3010,005,3, ,2027,2264,ENT,1440940,9e2f4eba-bbe5-4aba-ac59-dbec16f6f90a,36115522.66,42920.93797
73,20,Ephraim,0,EPHRAIM,10/7/22 0:00,23530,3020,008,2,Ephraim,5611,5937,EPH,1440944,6e72c220-1c2e-487f-991b-40fe4f85b785,22216598.48,34704.92247
254,23,Erda,0,ERDA,6/28/22 0:00,23640,,,3,City of Erda,,,ERD,,7ea97979-41f8-4d1e-9ebf-f7b4b500912a,182716217.7,103267.765
168,09,Escalante,0,ESCALANTE,1/14/16 0:00,23750,3040,005,2,Escalante,786,821,ESC,1440956,cd7b48f1-8f67-40cd-8128-a82b4aa6daec,13687035.46,27231.60159
58,12,Eureka,0,EUREKA,,24080,3010,009,2, ,662,657,EUR,1437974,99458ef8-2ae9-4e2e-ace6-3333c95539a6,6387833.855,12832.36613
17,25,Fairfield,0,FAIRFIELD,,24410,3055,035,3, ,160,156,FFD,1427871,15fe733b-92cb-4e75-84ce-0bb2fb024c07,116292665,55543.88393
175,20,Fairview,0,FAIRVIEW,12/27/10 0:00,24630,3030,009,2, ,1203,1262,FVW,1440983,10830436-36b6-4edb-a8cb-ad7faa06a8ca,5505277.449,10862.89963
65,06,Farmington,1,FARMINGTON,8/15/22 0:00,24740,3050,017,3,Farmington,24531,25660,FRM,1441004,be3c4efd-1278-4bc0-98c6-3b5f36bd08b1,45680199.54,41646.19958
166,29,Farr West,0,FARR WEST CITY,9/14/23 0:00,24850,3010,012,3, ,7691,8027,FRR,1441012,23ab114a-0e89-411d-87fc-a72857ec3f71,27110498.95,28412.08092
212,20,Fayette,0,FAYETTE,9/27/10 0:00,25070,3040,010,2, ,245,260,FAY,1427897,706d07de-3bb2-4f42-9d50-d0597870d93f,1705069.77,6114.786905
159,08,Ferron,0,FERRON,2/10/22 0:00,25180,3060,009,2, ,1474,1514,FER,1441026,e30771b9-7d48-442b-b6ce-9fac6a13af99,10117824.16,35710.49279
191,02,Fielding,0,FIELDING,11/17/17 0:00,25290,3060,041,1, ,546,591,FIE,1441035,dec6fa60-9982-4f37-a912-bb41f154cba3,2598056.973,11837.14876
225,14,Fillmore,1,FILLMORE,3/28/24 0:00,25510,3020,014,2,Fillmore,2592,2643,FIL,1441039,cd2dab50-8e41-4a47-a5fd-da4db26d5f95,30928670.27,43107.35792
24,20,Fountain Green,0,FOUNTAIN GREEN,2/2/12 0:00,26720,3050,011,2, ,1197,1260,FOU,1441187,9892e59a-a35d-4162-95c7-1254e2543c83,5458773.254,9410.779586
215,22,Francis,0,FRANCIS,2/6/24 0:00,26940,3020,013,2, ,1564,1722,FRA,1428080,7d44e9c3-0ace-4a9e-9ef8-d3e4abdc19ac,17400794.72,48035.13295
173,06,Fruit Heights,0,FRUIT HEIGHTS,10/17/23 0:00,27490,3060,010,2, ,6101,5971,FRU,1441248,5e4af067-c731-4454-a2ac-ad330b85374c,10522455.54,19142.31534
80,17,Garden City,0,GARDEN CITY,5/15/15 0:00,27930,3010,001,2,Garden City,602,629,GCY,1428133,348d2ef5-2a72-4668-b888-47e9d7224759,40980400.35,59775.40139
211,02,Garland,0,GARLAND,2/13/23 0:00,28150,3070,044,1, ,2589,2613,GAL,1428146,d374a458-0f57-49b4-84fc-cf6f7392f8d0,8698562.043,26029.54647
187,25,Genola,0,GENOLA,,28810,3060,038,2, ,1548,1585,GEN,1441295,ede0f023-194c-4561-97f4-b9b94006d125,62739124.84,53197.43151
250,13,Glendale,0,GLENDALE,,29360,3030,002,3, ,312,310,GLD,1428204,97a8bb4b-3d43-4338-a1bd-f33426133e35,28723944.31,43520.45089
97,21,Glenwood,0,GLENWOOD,8/31/10 0:00,29580,3040,018,2, ,474,491,GLW,1441332,10507621-5a4a-422d-b960-5bc64850badf,2218148.418,6144.295537
78,25,Goshen,0,GOSHEN,2/24/09 0:00,30130,3070,043,1, ,978,959,GOS,1428272,ea85d8c7-5292-43f7-ae64-4705077b5474,3622529.832,9937.303963
244,23,Grantsville,0,GRANTSVILLE,2/8/22 0:00,31120,3010,023,2, ,12617,14417,GRA,1428338,2d6ef180-ce03-4dce-b5c7-ef32d5370be6,182699968.2,110839.1735
117,08,Green River,0,GREEN RIVER,7/22/16 0:00,31670,3062,011,2,Green River,847,876,GRE,1428398,e335645e-055a-4bb0-9055-6fe7f38fd54b,117048647.6,111962.1845
236,20,Gunnison,0,GUNNISON,9/27/10 0:00,32660,3060,014,2, ,3509,3550,GUN,1428432,e1c9291e-34de-4219-a8fe-e5ce25af2fbb,20663409.16,21394.58042
180,28,Hanksville,0,HANKSVILLE TOWN,,33100,3015,005,2,Hanksville,158,171,HAN,1428508,27a48d54-fb3b-4755-875e-b12872e282dc,7249783.957,14221.69356
204,29,Harrisville,0,HARRISVILLE,8/4/21 0:00,33540,3020,016,4, ,7036,6876,HAR,1441617,aad5b764-118c-4914-b2d7-caf033d73ee6,13699796.79,23944.76262
158,09,Hatch,0,HATCH,12/28/12 0:00,33760,3050,006,2, ,132,142,HAT,1428572,74c26085-91fb-431a-8bf2-9ee7451e57ce,7544729.301,14477.02736
32,26,Heber City,1,HEBER CITY,1/22/24 0:00,34200,3020,008,3,Heber,,17865,HEB,1455878,2807f709-50ac-4364-afee-1870fa181c53,111775205.5,93250.39144
194,04,Helper,0,HELPER CITY,2/2/23 0:00,34530,3020,016,2,Helper,2112,2131,HEL,1428654,3ff68384-9d9e-48bf-a271-bcca1a64e7ff,7925086.975,19810.5691
122,22,Henefer,0,HENEFER,9/1/17 0:00,34640,3030,017,2, ,838,837,HNF,1428658,81112ad6-5dd5-4139-bc6e-72d16a930c44,11187957.64,34163.66196
45,09,Henrieville,0,HENRIEVILLE,12/15/10 0:00,34750,3060,008,2, ,221,231,HRV,1428663,a2a22a95-da02-4016-a9dc-271b747d5d5d,5516872.598,11190.97149
150,18,Herriman,0,HERRIMAN TOWN,2/7/22 0:00,34970,3035,060,1, ,55144,59179,HER,1428675,7a5bb6fe-5832-4f8d-b8cc-9bba049d803b,103638384.7,77262.57439
129,26,Hideout,0,HIDEOUT (WASATCH),11/4/20 0:00,35120,3024,020,3,,922,1315,HDT,2519168,f052b66c-b5ec-4662-b445-7db2bdacfce0,18263827.71,26909.79872
203,25,Highland,0,HIGHLAND,7/10/23 0:00,35190,3080,099,2, ,19348,19902,HGH,1448472,a4b19a60-ce6b-44da-a537-c94e36be3bc4,38894668.75,53330.9087
223,27,Hildale,0,HILDALE CITY,,35300,3020,035,2, ,1127,1184,HIL,1450387,a94f2606-cdcf-478f-bece-d9b04a0b177f,36859181.33,50663.88983
249,14,Hinckley,0,HINCKLEY,2/1/23 0:00,35740,3030,023,2, ,614,630,HIN,1428726,c658aa31-eefb-484c-9c5f-f3169d061580,21743353.91,22588.87016
77,14,Holden,0,HOLDEN,,35960,3040,024,3, ,438,458,HDN,1428763,dfa4ee36-cd91-4693-b3f0-44a691f670bf,2524754.094,8670.469139
221,18,Holladay,0,CITY OF HOLLADAY,10/15/14 0:00,36070,3036,065,1,Holladay,31965,30816,HOL,1441810,b5c995b6-4a22-41e6-994f-d7ae5604fe48,38250596.39,32839.58683
188,02,Honeyville,0,HONEYVILLE CITY,5/25/12 0:00,36290,3080,054,1, ,1606,1725,HON,1428800,cbb10b72-4d37-4a4a-85e4-ba2b6c34e709,54416686.52,44445.85549
109,29,Hooper,0,HOOPER,6/13/18 0:00,36400,3025,018,2, ,9087,9300,HOO,1428807,7621ddde-18dc-495e-a983-678a04a7a802,402401737.8,115414.2972
55,02,Howell,0,HOWELL CITY,5/25/12 0:00,36620,3090,057,2, ,240,235,HOW,1437591,2449c1d3-b31f-4215-93b3-319efc8cbebf,165193811.5,52336.67222
196,08,Huntington,0,HUNTINGTON,8/5/13 0:00,36950,3070,012,2,Huntington,1914,1970,HTN,1428946,d0f74199-9748-4fc8-89d8-bf440ba6e3fd,9790486.785,18679.87155
115,29,Huntsville,0,HUNTSVILLE,5/2/24 0:00,37060,3030,019,4,Huntsville,573,593,HVL,1428949,1faeb490-c16d-4cfa-8c2c-6d947e56b201,14333320.91,24584.99837
205,27,Hurricane,0,HURRICANE CITY,10/9/20 0:00,37170,3030,008,4,Hurricane,20036,23077,HUR,1428951,e9dbe920-d60d-441e-8390-cb1b376f3f33,218242045.3,108321.0574
18,03,Hyde Park,0,HYDE PARK CITY,10/6/22 0:00,37390,3040,032,2, ,5234,5584,HYD,1441964,0ba13f92-6647-4d74-b34e-0c8ff08f8a34,22353091.53,32598.82885
222,03,Hyrum,0,HYRUM,12/18/20 0:00,37500,3050,033,3, ,9362,10594,HYR,1441968,7893ec4d-84d0-4a6f-bb89-d931cc1a8056,28900838.58,52637.82835
131,26,Independence,0,INDEPENDENCE,11/12/10 0:00,37690,3027,009,1,,121,118,IND,2547779,ec9ad3c0-2632-43d9-a4f2-81dbd8d6e6d5,136618049.8,86160.41373
144,26,Interlaken,0,INTERLAKEN TOWN,5/28/15 0:00,37924,3027,,4,Interlaken,179,166,INT,2783908,ccdfa06c-bfe8-4ef7-a666-9478634547cb,1010430.315,6085.253201
126,27,Ivins,0,IVINS TOWN,1/17/20 0:00,38710,3040,010,4, ,8978,10012,IVI,1429067,335058c1-6b1c-4b30-9751-79c6d6c15444,38739901.78,43042.4594
31,21,Joseph,0,JOSEPH,8/31/10 0:00,39370,3050,025,2, ,288,301,JOS,1442224,ebe130e8-7b76-469c-9ee2-18248c03798b,3696463.547,8330.324549
51,16,Junction,1,JUNCTION,9/27/10 0:00,39590,3020,005,2,Junction,212,211,JCT,1442250,acd481bc-17e3-4f3b-a8ab-2d311a86af9e,57201230.49,35054.52022
240,22,Kamas,0,KAMAS,5/20/22 0:00,39810,3040,022,3,Kamas,2092,2185,KAM,1442266,1c7fb94f-fbae-4467-b1b1-e9afa8da7c4c,18497097.23,34169.30189
140,13,Kanab,1,KANAB CITY,2/16/23 0:00,39920,3040,004,4,Kanab,4683,5131,KNB,1429276,b2363dbb-ac89-4078-9d68-909b4d71a1a9,63367452.25,43974.9795
231,11,Kanarraville,0,KANARRAVILLE,12/15/10 0:00,40030,3040,012,3, ,442,467,KNV,1429278,457ac0c4-ad63-44cb-a432-df984f1bb52d,1786502.195,6325.899136
172,14,Kanosh,0,KANOSH,1/12/24 0:00,40250,3050,026,3, ,508,511,KNS,1442277,1ab6a858-71c4-44c8-a0d3-ad309f4405f5,3248543.453,8982.249757
209,06,Kaysville,0,KAYSVILLE,1/22/24 0:00,40360,3070,026,4,Kaysville,32945,32761,KAY,1442285,8a876c89-cda9-4db2-be08-ce65a3c65cc2,48534373.28,54944.88507
52,18,Kearns,0,KEARNS,8/27/24 0:00,40470,3902,,1,Kearns,36723,37249,KMT,,e4744124-1986-446b-9151-2eb13df51af3,20857128.89,23112.19588
60,16,Kingston,0,KINGSTON,9/27/10 0:00,41350,3030,006,3, ,135,137,KNG,1442334,3abede37-05f5-46b0-8544-36ffd2118b81,22525697.71,25726.97443
120,21,Koosharem,0,KOOSHAREM TOWN,8/8/14 0:00,41680,3060,029,3, ,244,251,KOO,1442357,a2d7d2d9-8f77-4a09-935f-71ffdfa4b098,4080821.82,12163.39343
96,27,La Verkin,0,LA VERKIN CITY,7/20/05 0:00,43440,3050,011,3, ,4354,4531,LAV,1429398,d5829313-e4c2-4270-b63a-5a94ee1794e9,55850443.41,42817.953
145,23,Lake Point,0,LAKE POINT,12/21/22 0:00,,,,4,Lake Point,,,,,29ed30f5-a882-4fc9-8233-94f0835ed40a,20665274.98,33677.56192
186,17,Laketown,0,LAKETOWN,9/7/10 0:00,42560,3020,002,3,Laketown,299,314,LAK,1429446,710063de-f9d3-4d22-ab99-b68bc9800903,11783075.28,20011.38681
154,06,Layton,0,LAYTON,3/28/24 0:00,43660,3080,030,1,Layton,81773,82601,LAY,1442459,b8e27972-b430-4567-865f-9c3f86c60c4c,103400961.3,88500.36612
21,14,Leamington,0,LEAMINGTON TOWN,,43880,3060,028,3, ,256,269,LEA,1429508,55543fa3-8719-440b-bbd3-0ed0bebac541,6795171.109,11045.28387
146,27,Leeds,0,LEEDS,3/23/11 0:00,44100,3060,012,1, ,864,871,LEE,1442480,3d031f46-0bce-4e75-906f-982d9613a159,25764132.24,56051.23246
139,25,Lehi,0,LEHI,7/10/23 0:00,44320,3090,066,3,Lehi,75907,84373,LEH,1442553,5dd99958-6d34-45a9-b720-8ed1df787ea1,137482571,135256.0242
50,12,Levan,0,LEVAN,3/19/12 0:00,44650,3020,019,3, ,862,892,LEV,1442564,2a23afcd-2e58-4d56-a60c-2a466795b52f,3482854.309,8700.356525
113,03,Lewiston,0,LEWISTON,3/28/24 0:00,44760,3060,036,3, ,1939,1960,LEW,1442573,d43dc3d3-0d58-499f-ad82-6a8c6eb3796b,121961131.8,70799.04174
36,25,Lindon,0,LINDON,9/28/18 0:00,45090,3100,070,3, ,11397,11704,LIN,1442630,fab824b3-fa21-4eac-a232-1b68530784d5,38100707,38598.02723
170,28,Loa,1,LOA,4/8/24 0:00,45530,3020,007,4,Loa,516,527,LOA,1442822,3a1c2188-9da1-423e-85dd-a9adb5bedec9,4011636.52,9975.581476
87,03,Logan,1,LOGAN CITY,2/16/23 0:00,45860,3070,038,4,Logan,52778,54680,LOG,1442849,b9291a21-9f26-4034-8b21-4c6f33c34044,87381167.53,106136.5772
184,28,Lyman,0,LYMAN,,46410,3030,008,3, ,196,220,LYM,1430020,18297679-3ba3-4a82-a884-b43494b64701,7634116.297,13378.64821
147,14,Lynndyl,0,LYNNDYL,,46740,3070,030,2, ,111,124,LYN,1430025,a8e05e13-ffdf-496f-9fd4-9894b71b5fc7,13731573.54,21281.71311
102,18,Magna City,0,MAGNA CITY,8/9/24 0:00,47290,3903,,2,,,,,,1abf86fe-878e-4f37-bd86-60bf50d3b423,169202071.6,95438.77309
220,05,Manila,1,MANILA,12/2/10 0:00,47620,3010,006,3,Manila,308,339,MAN,1443126,865a7991-34e1-441d-8788-d6cd2ce36552,4707733.145,10592.6921
100,20,Manti,1,MANTI,6/2/22 0:00,47730,3070,020,3,Manti,3429,3588,MTI,1443136,534d88bb-d71f-4c64-8282-5f57d22c6e68,13978904.48,25900.18644
143,02,Mantua,0,MANTUA TOWN,5/25/12 0:00,47840,3100,069,1, ,1090,1256,MAU,1443141,2c3eec6f-fe8a-4610-ba59-92f376f84afc,26178713.72,28299.07766
178,25,Mapleton,0,MAPLETON,5/7/18 0:00,47950,3110,073,3, ,11365,12999,MAP,1443189,e05f98d7-9106-42dd-9f0f-b0ed3e8d6bff,59136289.08,39736.63172
82,29,Marriott-Slaterville,0,MARRIOTT-SLATERVILLE CITY,9/14/23 0:00,48300,3035,022,4, ,2135,2206,MSL,1851823,6fd149d1-7f7f-406b-bba0-48a5ddd93b55,34812061.97,36462.96925
181,16,Marysvale,0,MARYSVALE,9/27/10 0:00,48610,3040,007,4, ,356,416,MSV,1443220,bf809a8d-4786-47de-8d68-b139a662e56d,76021070.77,41409.99343
89,20,Mayfield,0,MAYFIELD,4/5/19 0:00,48720,3080,021,3, ,556,583,MAY,1443237,75152d31-67bd-4b7c-b7e5-4cb82c5a4969,3875916.824,14815.97479
190,14,Meadow,0,MEADOW,,48830,3080,034,1, ,320,347,MEA,1430198,6539ce29-f192-4d92-b453-bb22362ca3f7,2196271.258,9945.726502
182,03,Mendon,0,MENDON,8/4/22 0:00,49160,3080,041,3, ,1339,1335,MEN,1450429,9d5fcae8-dd37-43d6-a65d-b25e841acd79,7416999.422,24758.48431
14,18,Midvale,0,MIDVALE,9/15/14 0:00,49710,3040,093,1, ,36028,35637,MID,1430307,596f7a22-ed63-4b5e-bbcd-097de949cc48,26352703.93,30626.20743
202,26,Midway,0,MIDWAY,11/21/22 0:00,49820,3030,011,2, ,6003,6217,MWY,1430310,73ee3286-c6ed-4f91-b2c4-c91e3fdd6488,27775849.52,48578.95672
167,01,Milford,0,MILFORD,4/14/14 0:00,50040,3020,008,2,Milford,1431,1454,MLF,1430317,cfb57670-bd50-46de-bf5d-a80ff2a267ef,8927543.637,18338.13373
62,18,Millcreek,0,MILLCREEK,7/27/20 0:00,50150,3045,,3,Millcreek,63380,63034,MLC,1867579,75a50d3a-7e8b-44a7-81ac-37eebe840a8c,58284953.52,71483.26257
94,03,Millville,0,MILLVILLE,11/22/23 0:00,50370,3090,044,2, ,2326,2435,MIL,1443496,c2bc4d66-d9e7-43b0-b5fd-52055e0f22de,11913031.4,29185.71555
242,01,Minersville,0,MINERSVILLE,4/2/12 0:00,50590,3030,009,3,Minersville,807,855,MNR,1430376,a7f8d34d-dc38-444b-849b-ec83fba729cc,9163569.672,29659.06909
40,10,Moab,1,MOAB CITY,8/14/23 0:00,50700,3020,011,3,Moab,5366,5321,MOA,1430389,1bea3a03-403e-4add-9e8c-1e388b25f677,20424811.41,59774.6114
53,12,Mona,0,MONA,5/24/24 0:00,51140,3030,024,3, ,1750,1906,MNA,1443548,0cfeeaa4-3132-450b-a55a-2eef76c98258,12177197.37,18427.7734
35,21,Monroe,0,MONROE,8/5/19 0:00,51360,3070,031,3, ,2515,2615,MRO,1443556,2c3c72af-de56-4ee0-b8ea-19af1c506f36,15168011.82,17459.19778
189,19,Monticello,1,MONTICELLO,6/6/20 0:00,51580,3020,009,3,Monticello,1824,1752,MTC,1443568,4aa9de7f-8a38-42b6-adf6-bac76ab1cb7c,13946669.17,26656.58896
256,15,Morgan,1,MORGAN,12/16/13 0:00,51910,3010,007,3,Morgan,4071,4455,MRG,1430488,b2679c53-7d2f-4351-8db9-fa6463647ed0,13889756.74,22702.58502
92,20,Moroni,0,MORONI,2/2/12 0:00,52130,3090,023,1, ,1544,1617,MRI,1430498,91f0b6a3-9fea-4f56-b107-5183cc3123d3,4639207.418,10455.56773
124,20,Mount Pleasant,0,MOUNT PLEASANT CITY,9/16/14 0:00,53010,3100,024,3, ,3655,3820,MTP,1430522,888b8719-9f5d-4a3b-b559-73f5b09a8cbb,12789364.55,22777.86766
33,18,Murray,0,MURRAY,9/15/14 0:00,53230,3050,096,2,Murray,50637,49463,MUR,1443742,f20f7bc0-42fa-4688-bcd7-18939b2b78fd,55690325.06,42480.82013
138,07,Myton,0,MYTON,8/23/10 0:00,53340,3030,017,4,Myton,561,560,MYT,1430626,c82dfbeb-c335-414c-aa1d-8bec5290ec0f,4508986.047,9323.758269
54,24,Naples,0,NAPLES,1/30/12 0:00,53560,3020,014,2, ,2280,2399,NAP,1430636,a4763e3c-ec8c-4a0f-9f83-3197b327170a,29556561.85,29803.27887
1,12,Nephi,1,NEPHI CITY,10/7/22 0:00,54220,3040,026,4,Nephi,6443,6840,NEP,1443793,4c8a63be-5865-4195-811f-003f1a838422,24336398.02,42162.59286
12,27,New Harmony,0,NEW HARMONY,10/6/22 0:00,54440,3070,015,4, ,236,245,NWH,1443808,cf209adf-cd4f-4b6b-a5bd-085a9fdf62aa,2614325.414,10677.21042
90,03,Newton,0,NEWTON,10/20/20 0:00,54550,3100,047,2, ,789,815,NWT,1430705,4af13c70-8a8e-4882-a631-4df0c2fea4b2,4009108.734,8948.894827
156,03,Nibley,0,NIBLEY,3/16/23 0:00,54660,3110,098,1, ,7328,7926,NIB,1443818,e6ceb4a2-6cdf-46a7-aacc-9ccb93bb4a74,21057259.79,39842.09402
83,03,North Logan,0,NORTH LOGAN,10/23/15 0:00,54990,3120,049,1, ,10986,11616,NLO,1443956,b9807751-eae0-46fa-a002-4961e918aacb,33256529.4,31586.88801
259,29,North Ogden,0,NORTH OGDEN CITY,2/6/24 0:00,55100,3040,026,3, ,20916,21855,NOG,1443962,3e2287eb-8d49-4f0b-b1ff-fe85dbf792e0,35085270.73,55750.07964
119,06,North Salt Lake,0,CITY OF NORTH SALT LAKE,1/4/23 0:00,55210,3090,035,1, ,21907,22537,NSL,1443971,b3d9e068-bcf5-46a5-982f-7135e97fca31,39380300.06,40983.1902
106,14,Oak City,0,OAK CITY,11/17/21 0:00,55430,3090,037,4, ,595,630,OKC,1444013,d2732c9b-66c0-4cc4-b069-64be92d1a37f,4982616.903,13860.03171
11,22,Oakley,0,OAKLEY,12/2/13 0:00,55650,3050,029,4, ,1588,1599,OKL,1444043,b2aaa215-4f05-403b-9f61-07edb1a1a432,31934618.87,34784.21553
226,29,Ogden,2,OGDEN CITY,3/19/21 0:00,55980,3050,027,1,Ogden,87321,86825,OGD,1444049,8bf88b81-38ce-4e2a-8b53-db07e808df19,125988778.2,82449.10953
252,08,Orangeville,0,ORANGEVILLE,3/26/12 0:00,56860,3080,016,4, ,1224,1258,ORA,1431021,417ffbb6-c6d2-4a84-8631-f581549e0f7a,6141808.516,18712.61885
111,13,Orderville,0,ORDERVILLE,3/22/12 0:00,57080,3050,007,2, ,598,592,ORD,1431023,d1aa34ca-2225-4a65-97b2-69f331c33e26,38538921.16,45676.29174
69,25,Orem,0,OREM,11/4/20 0:00,57300,3120,083,1,Orem,98129,95910,ORE,1444110,c540104f-49e6-4868-bba2-3d1b6da838bc,83057583.18,64340.26304
79,09,Panguitch,1,PANGUITCH,10/13/23 0:00,57740,3070,011,4,Panguitch,1725,1785,PAN,1444170,e187addd-0d6c-4e61-9d9a-470822ec6da3,13458716.48,28457.65537
121,03,Paradise,0,PARADISE,2/10/22 0:00,57850,3130,053,2, ,971,1014,PRD,1444178,e13bdcca-7460-4d50-b80d-72328b9967d5,6712506.359,14167.54125
135,11,Paragonah,0,PARAGONAH,10/6/22 0:00,57960,3050,018,4, ,536,568,PGH,1431094,6e987f79-07be-4f89-9b79-8861c870ce3a,2696555.629,14415.29469
56,26,Park City,0,PARK CITY (WASATCH CO),9/23/11 0:00,58070,3060,013,1,Park City,8396,8374,PKC,1444206,775325a5-e1bf-4471-ba23-329ea1df14bc,1965126.57,9471.245934
67,22,Park City,0,PARK CITY (SUMMIT CO),7/14/22 0:00,58070,3060,013,1,Park City,8396,8374,PKC,1444206,670a8716-3aee-41d8-8896-3c9344cbfc43,98399695.3,65977.56295
49,11,Parowan,1,PAROWAN,6/28/23 0:00,58510,3060,019,2,Parowan,2996,3171,PWN,1444224,456f7bc6-75f4-45aa-9efd-29486fafe339,29403365.01,59837.74553
198,25,Payson,0,PAYSON,2/1/24 0:00,58730,3130,085,1,Payson,21101,22516,PAY,1444252,aa914f1d-116a-4314-a8eb-c210fe9f0663,57690802.8,75996.73581
248,02,Perry,0,PERRY CITY,5/25/12 0:00,59390,3110,086,3, ,5555,5828,PER,1455150,6cdd4c12-08f7-480f-808b-f255293d00a2,36991067.43,34257.65885
230,29,Plain City,0,PLAIN CITY,3/21/22 0:00,60710,3060,030,2,Plain City,7833,,PLN,1444471,6b977d4c-e1d2-4809-9b21-dee1a50da058,56227868.45,62063.86638
114,25,Pleasant Grove,0,PLEASANT GROVE,11/2/23 0:00,60930,3140,088,4, ,37726,37630,PGR,1444479,5ab934af-41a3-45ce-98e1-6c6e4e3d5657,41022906.06,45147.3604
251,29,Pleasant View,0,PLEASANT VIEW,9/27/10 0:00,61150,3070,031,1, ,11083,11258,PVW,1444486,a9efc23e-4a36-4511-b160-f33da07beb30,32224395.71,33894.76472
88,02,Plymouth,0,PLYMOUTH,9/11/15 0:00,61260,3120,090,4, ,427,433,PLY,1444488,992f8342-f7de-410f-b0e8-4c8f3a8e6356,4076921.805,21371.62557
64,02,Portage,0,PORTAGE,5/25/12 0:00,61590,3130,092,1, ,273,288,POR,1681817,f18424b8-5898-4f45-b60c-3a3a10b7eb67,12000870.81,24986.01319
128,04,Price,1,PRICE,3/8/12 0:00,62030,3030,035,4,Price,8216,8262,PRI,1431465,c2220adf-037c-42db-bf78-7be90611629f,21984077.43,28787.36833
95,03,Providence,0,PROVIDENCE,12/7/22 0:00,62360,3140,056,3, ,8218,8995,PVD,1444657,479527c3-7ead-4fc1-9ae3-57b174dd7d9e,18759409.7,23995.4235
257,25,Provo,1,PROVO,9/26/23 0:00,62470,3150,090,4,Provo,115162,113523,PVO,1444661,042a19fc-e45f-4a5d-8418-fbaf36663b04,197501307.1,120487.7527
16,17,Randolph,1,RANDOLPH,6/13/18 0:00,63020,3030,005,2,Randolph,467,491,RAN,1431567,d1632a8c-d2e9-49cc-b0f1-0adc48590deb,5941415.043,17044.40609
116,21,Redmond,0,REDMOND,8/31/10 0:00,63240,3080,033,2, ,762,796,RED,1444843,4eb8a5a5-c58e-458c-95c5-6f6433750a6b,4114719.543,13095.07165
75,21,Richfield,1,RICHFIELD CITY,8/18/23 0:00,63570,3090,034,4,Richfield,8201,8220,RIC,1444889,6aa30774-81de-4364-b3d9-43db01ac69c6,26354068.42,62946.68849
8,03,Richmond,0,RICHMOND,10/7/22 0:00,63680,3150,059,2, ,2914,2986,RCM,1444892,81834340-a82a-4740-9bb4-0542d2a9a032,16316990.76,23085.12015
134,03,River Heights,0,RIVER HEIGHTS,7/21/17 0:00,64120,3160,060,1, ,2144,2147,RVH,1444991,5bafdbbc-66d0-4060-bdc3-863ad4d8f515,3077781.607,15394.56224
9,29,Riverdale,0,RIVERDALE,6/17/22 0:00,64010,3080,036,3, ,9343,9285,RVD,1444992,420b9110-06a4-4d0a-a559-07043c505c40,21083990.58,26774.29331
255,18,Riverton,0,RIVERTON,10/25/19 0:00,64340,3060,118,2, ,45285,44599,RVT,1431862,bb00659b-f2e2-4121-b1e0-f837bd79d0ed,56551782.41,45927.74873
2,27,Rockville,0,ROCKVILLE,,64560,3075,019,4, ,226,224,RKV,1431946,72101a01-f566-4d96-ae16-00f5ccac1109,34569310.14,43706.33701
171,12,Rocky Ridge,0,ROCKY RIDGE TOWN,3/19/12 0:00,64590,3080,030,4, ,848,951,RKR,1865575,c3271d72-cd8f-4a06-acb2-a9df4db863bf,7470797.375,16681.34407
44,07,Roosevelt,0,ROOSEVELT,11/15/22 0:00,64670,3040,019,3,Roosevelt,6747,7097,ROS,1431989,501b7bb7-9621-4415-b5e4-26655587c421,32129664.41,76382.59663
41,29,Roy,0,ROY CITY,11/9/18 0:00,65110,3090,037,4, ,39306,38785,ROY,1432035,10732fba-7cbb-4f4a-a188-1e3b9468c2eb,37346094.86,33427.61314
71,23,Rush Valley,0,RUSH VALLEY TOWN,6/25/13 0:00,65240,3030,056,4, ,431,477,RUS,1699809,a99b47cd-527c-44ed-9e88-40c3e14fe422,80814195.41,46681.18997
22,25,Salem,0,SALEM,3/18/24 0:00,65770,3160,096,4, ,9298,10393,SLM,1445262,0dd6136d-e3a3-4e27-ba68-0f2a97793868,53585182.02,70912.53854
136,21,Salina,0,SALINA,2/15/23 0:00,65880,3100,035,4,Salina,2441,2565,SLN,1445269,d0759666-d6b9-4260-8a42-89996432dc5b,25203447.13,39791.39004
15,18,Salt Lake City,1,SALT LAKE CITY,7/2/21 0:00,67000,3070,122,4,Salt Lake City,199723,204657,SLC,1454997,eba351fe-6ad1-484b-a5f0-0988ab2bb58a,503834151,168806.1441
63,18,Sandy,0,SANDY CITY,5/6/24 0:00,67440,3080,131,4,Sandy City,96904,93022,SAN,1455905,887b69b2-e99e-4254-b82e-391be96a9b28,109691717,152385.3796
227,27,Santa Clara,0,SANTA CLARA CITY,5/29/20 0:00,67660,3090,021,3, ,7553,8123,SCL,1432234,8a66a9bf-435c-4d09-9829-db0bf7947017,24768181.18,26340.66915
237,25,Santaquin,0,SANTAQUIN CITY (UTAH CO),12/28/22 0:00,67770,3170,097,3, ,13725,16898,SAQ,1445329,0b6d71aa-f0c1-4b0e-ab7f-e6375db800a7,45680872.8,69062.2049
239,12,Santaquin,0,SANTAQUIN CITY (JUAB CO),3/19/12 0:00,67770,3090,097,1, ,13725,16898,SAQ,1445329,9e7d3af5-fc42-4050-9138-e98f4e0b6a82,882490.4023,4023.980553
217,25,Saratoga Springs,0,SARATOGA SPRINGS,4/6/22 0:00,67825,3075,098,1, ,37696,49354,SAR,1437677,6752567c-0f5f-4d19-b18a-d48e533fa7f5,105717604.3,101037.4577
137,14,Scipio,0,SCIPIO,,67880,3100,040,4,Scipio,353,366,SCI,1445376,c1c8eb31-3a0f-4bf2-9883-8b0e6574338f,4434782.063,12382.91933
219,04,Scofield,0,SCOFIELD,,67990,3040,040,4, ,26,26,SCO,1445380,40741901-7910-45b7-8d17-d6978e4d248c,4061268.633,13562.54877
4,21,Sigurd,0,SIGURD TOWN,5/2/24 0:00,68650,3110,038,3, ,405,422,SIG,1445583,13d45372-495a-4382-bd53-02dee91c3169,4776817.899,27173.96032
70,03,Smithfield,0,SMITHFIELD,8/19/22 0:00,69640,3170,062,3, ,13571,14425,SMI,1445709,8ef4bf9f-7188-4ebe-a082-4014c03b9892,28095452.34,31004.90146
213,02,Snowville,0,SNOWVILLE TOWN,5/25/12 0:00,69970,3140,100,4,Snowville,163,161,SNO,1432604,181029c3-fc3a-4c12-b425-d10900b38b10,7190607.992,10959.85503
163,18,South Jordan,0,SOUTH JORDAN,5/19/23 0:00,70850,3090,138,3,South Jordan,77487,83513,SJC,1432728,7fddb17a-5066-4950-b76f-a548e9cb94d7,116033501.5,69303.49499
6,29,South Ogden,0,SOUTH OGDEN,2/15/23 0:00,70960,3100,040,1, ,17488,17716,SOG,1445910,29858b08-81f2-4c7b-b1a7-041ea27da5ef,17907824.19,29010.91727
101,18,South Salt Lake,0,SOUTH SALT LAKE CITY,11/14/18 0:00,71070,3100,139,1,South Salt Lake,26777,26003,SSL,1432753,c276a3dd-644a-46a1-b4ab-6069003fcbf2,31314557.29,26386.49433
61,06,South Weber,0,SOUTH WEBER,1/30/12 0:00,71180,3100,045,2, ,7867,8124,SWE,1445935,0c69984c-df24-4776-b474-377f7f4e83af,21467687.38,32437.87306
142,25,Spanish Fork,0,SPANISH FORK,3/18/24 0:00,71290,3180,103,1,Spanish Fork,42602,44102,SFK,1445945,73204a80-1b74-489c-bf7d-927c2a3110c3,79582858.71,90240.884
107,20,Spring City,0,SPRING CITY,4/18/24 0:00,71730,3110,031,4, ,949,,SPC,1445992,95780095-cffe-43a7-b6aa-65bd9eba06f8,6147281.777,10726.15908
232,27,Springdale,0,SPRINGDALE,,71840,3100,023,2,Springdale,514,576,SPD,1432867,7afda8e7-1b79-45ec-aba7-e0af45701f62,18782625.86,23966.38657
34,25,Springville,0,SPRINGVILLE,3/15/22 0:00,72280,3190,106,2, ,35268,35832,SPV,1446057,9e8811b7-d6f7-4232-8e2f-18961382cca7,64481394.18,57976.95773
228,27,St. George,1,ST GEORGE CITY,9/15/23 0:00,65330,3080,020,2,St. George,95342,102519,STG,1455098,679acdd7-1f0d-473b-b709-dbd7e7693ac6,315625593,125447.4681
72,20,Sterling,0,STERLING,1/26/18 0:00,72940,3120,032,4, ,274,289,STE,1446134,dcecc5db-f742-4946-89c2-40c4447df089,1392236.863,7852.414988
118,23,Stockton,0,STOCKTON,6/25/13 0:00,73050,3040,046,2, ,621,623,STK,1432990,ae395bcc-3d95-43f4-8453-711408fc6038,7577490.355,14222.93097
174,06,Sunset,0,SUNSET,1/30/12 0:00,74480,3110,048,2, ,5475,5372,SUN,1451459,638108ec-73d9-4506-b655-ad771c40bdc7,6703787.105,11531.10404
234,06,Syracuse,0,SYRACUSE,1/22/24 0:00,74810,3120,049,3, ,32141,35561,SYR,1433147,f4835a79-e9b0-422e-8bc0-e16d95903f00,47501980.64,42589.24836
148,07,Tabiona,0,TABIONA,10/9/20 0:00,74920,3050,020,4,Tabiona,143,153,TAB,14331156,843ed676-6279-413d-8470-99b68935fda9,621671.0234,3748.399468
20,18,Taylorsville,0,TAYLORSVILLE CITY,9/15/14 0:00,75360,3105,142,4,Taylorsville,60448,57879,TAY,1433206,15538c35-e048-4ec3-8bdb-0e6f6a44888c,48863547.41,38214.2219
162,23,Tooele,1,TOOELE,4/14/20 0:00,76680,3050,048,1,Tooele City,35742,38588,TOO,1433590,91737455-ea67-423a-ae64-a51dc54ccceb,108586587.9,74854.08546
133,27,Toquerville,0,TOQUERVILLE CITY,6/29/17 0:00,76900,3110,024,2,Toquerville City,1870,1960,TOQ,1446655,ef54f9b2-e66d-44f7-b3a7-853230d7bfea,90891976.67,69344.53415
85,28,Torrey,0,TORREY,8/4/21 0:00,77010,3040,010,2,Torrey,231,257,TOR,1446658,d67163bf-dca5-47b5-b936-4a62b9efc9f2,7242658.148,16657.94998
165,02,Tremonton,0,TREMONTON,2/8/22 0:00,77120,3150,113,3,Tremonton,9894,11840,TRM,1433664,5fc297ac-7a19-40f0-8c3d-a6bba3f2e3e9,38775777.29,61934.06541
66,03,Trenton,0,TRENTON,5/8/20 0:00,77230,3180,081,4, ,512,521,TRN,1433666,e00c7256-d917-4fcf-9ff9-3c55514a279b,38786083.02,35353.97038
108,09,Tropic,0,TROPIC,12/15/10 0:00,77560,3080,015,4, ,486,505,TRO,1446722,e5b7cf2a-8fd8-4a50-b71c-65ca45a63b8a,32791204.73,30541.3385
123,29,Uintah,0,UINTAH,2/11/21 0:00,77890,3110,043,3, ,1454,1422,UIN,1446835,61260cbf-f160-44fb-b462-733981a78d2b,5738380.484,18597.9701
30,24,Vernal,1,VERNAL,11/30/12 0:00,80090,3030,024,4,Vernal,10079,10432,VER,1433885,e48fd2a2-081a-4d3d-aaf3-17961f5e6a77,20998154.12,49031.23371
200,23,Vernon,0,VERNON,6/25/13 0:00,80200,3060,050,1, ,256,286,VNN,1446932,3360e3c0-b4b7-4675-b4f1-c50fdbab15a2,35736573.64,31726.46937
177,25,Vineyard,0,VINEYARD,9/28/18 0:00,80420,3195,117,2, ,12543,14535,VIN,1449150,8e8a502c-c92d-4c25-8a39-b057e6f8330e,28431374.55,31272.80202
253,27,Virgin,0,VIRGIN TOWN,1/11/19 0:00,80530,3120,026,1, ,670,697,VIR,1433898,f31cc2cd-efc6-454b-aca9-f641399ffcb7,48278220.88,37204.51954
245,20,Wales,0,WALES,9/27/10 0:00,80860,3130,033,4, ,338,357,WAE,1446954,b3a25e38-103a-4ad0-a880-f0ec31b3b5f0,1726848.363,5543.088899
151,26,Wallsburg,0,WALLSBURG,5/17/19 0:00,80970,3040,014,1, ,290,297,WBG,1446968,299f5a8d-6948-423a-b3ad-9bf6da21c72f,2818567.359,9495.964641
161,27,Washington,0,WASHINGTON CITY,7/28/21 0:00,81960,3130,027,1, ,27993,32709,WAS,1447019,93c4c9c6-b2c2-4d1f-b29e-a18f91496947,147606495.4,101225.1924
42,29,Washington Terrace,0,WASHINGTON TERRACE,10/2/15 0:00,82070,3120,049,4, ,9267,9160,WTR,1447026,e2071101-69cc-4902-a5ef-1edb24a66409,9201901.587,17904.48548
210,04,Wellington,0,WELLINGTON,12/12/13 0:00,82510,3060,053,3, ,1605,1625,WEL,1434038,13e53bbd-7d3d-4e68-9c25-ce9cc7f4ca16,22272285.61,59456.0577
103,03,Wellsville,0,WELLSVILLE,7/27/22 0:00,82620,3190,076,4, ,4060,4137,WLV,1447103,c361186c-b0c0-41f4-9fc0-6297dceb0f0a,33763899.59,64731.07557
7,23,Wendover,0,WENDOVER,8/25/16 0:00,82730,3070,052,4,Wendover,1115,1135,WEN,1434042,488fa43d-6801-4fe3-bd3d-04c8daa9fc55,40301885.82,31267.16857
258,06,West Bountiful,0,WEST BOUNTIFUL,11/30/20 0:00,82840,3130,061,2, ,5917,5888,WBO,1447113,ca9d3d50-a071-42ad-9337-fdbe84093cdc,15093115.2,23156.37356
81,29,West Haven,0,WEST HAVEN,6/7/21 0:00,82930,3130,051,3, ,16739,22395,WHV,1455859,84e28c18-7765-4d91-84cc-48056d6acf55,49383587.87,56512.0265
155,18,West Jordan,0,WEST JORDAN CITY,3/22/22 0:00,82950,3110,155,2, ,116961,116664,WJC,1434086,a1dae507-648c-4b68-b227-9c74af6311df,146605704.1,69322.35373
59,06,West Point,0,WEST POINT,5/30/23 0:00,83390,3140,056,1, ,10963,11892,WPT,1434108,ab1da27b-d29e-4e6c-bf93-36a2a2eb6848,34803220.46,39563.04635
246,18,West Valley City,0,WEST VALLEY CITY,2/2/12 0:00,83470,3120,167,3,West Valley,140230,136650,WVC,1437843,fef16174-bf9e-40f6-a533-f0f40fb91e82,161527778.3,75182.49613
179,18,White City,0,WHITE CITY,8/26/24 0:00,84050,3904,,3,White City,5522,5598,WMT,,bba2e776-f88c-4f0c-b5d5-b0f2d9a762f9,3930916.254,18516.50346
25,02,Willard,0,WILLARD CITY,5/28/24 0:00,84710,3160,120,1, ,1978,2224,WIL,1447372,4c000373-31eb-4524-adfd-136bfad121ec,34710558.35,39880.54381
39,25,Woodland Hills,0,WOODLAND HILLS,11/4/00 0:00,85050,3200,125,3, ,1521,1553,WDL,1455585,bef83160-a72e-42f5-bde9-1e05011a051a,11355343.03,17915.57867
3,17,Woodruff,0,WOODRUFF,11/17/17 0:00,85260,3040,010,4,Woodruff,169,177,WDR,1434462,c0b43c7a-2a9b-4fa5-ba0b-0173e9b73a63,3313525.012,10342.8314
29,06,Woods Cross,0,WOODS CROSS CITY,5/29/15 0:00,85370,3150,057,4, ,11410,11487,WCR,1447521,6c6e5dbb-705e-4b46-8729-1756d997f476,17402206.28,25597.62725