FID,STATEFP20,COUNTYFP20,TRACTCE20,GEOID20,NAME20,NAMELSAD20,MTFCC20,FUNCSTAT20,ALAND20,AWATER20,INTPTLAT20,INTPTLON20,Total Population,Total Housing Units,Shape__Area,Shape__Length
235,49,007,000100,49007000100,1,Census Tract,G5020,S,73635820,0,39.5792651,-110.7259531,3236,1231,124114521.8,54835.78553
261,49,005,000101,49005000101,1.01,Census Tract,G5020,S,155060220,637673,41.9403452,-111.8291638,5201,1665,281608155.3,87634.08611
258,49,005,000102,49005000102,1.02,Census Tract,G5020,S,216053796,1062214,41.9670711,-112.0093288,1682,579,392791752.7,98644.28312
618,49,049,000102,49049000102,1.02,Census Tract,G5020,S,4157228,0,40.4009948,-111.8604302,4785,1437,7176359.328,13729.75488
610,49,049,000103,49049000103,1.03,Census Tract,G5020,S,4414537,87779,40.3850275,-111.8458668,4323,1385,7768382.012,14514.87944
470,49,049,000104,49049000104,1.04,Census Tract,G5020,S,2558167,0,40.4076644,-111.8490809,3200,887,4416876.422,11130.18276
471,49,049,000105,49049000105,1.05,Census Tract,G5020,S,2459580,0,40.4059454,-111.8347975,4073,1187,4246449.641,10874.76687
236,49,007,000200,49007000200,2,Census Tract,G5020,S,24000778,0,39.6272909,-110.8244056,4211,1902,40509445.8,34214.54961
101,49,019,000200,49019000200,2,Census Tract,G5020,S,35570158,1004192,38.5862336,-109.536096,4676,2328,59945045.86,44275.2206
259,49,005,000201,49005000201,2.01,Census Tract,G5020,S,40625920,200123,41.8501637,-111.8559779,4273,1338,73628565.42,43149.36611
257,49,005,000202,49005000202,2.02,Census Tract,G5020,S,32741754,0,41.8429101,-111.8032581,10042,3002,59039572.71,41814.52699
272,49,049,000203,49049000203,2.03,Census Tract,G5020,S,2382757,0,40.3780618,-111.7804922,4751,1561,4110426.148,9105.086568
476,49,049,000205,49049000205,2.05,Census Tract,G5020,S,2502975,0,40.402826,-111.811498,3875,939,4320969.445,10728.04209
477,49,049,000206,49049000206,2.06,Census Tract,G5020,S,2002431,0,40.3950994,-111.8084867,3747,974,3456077.828,8148.852916
357,49,049,000207,49049000207,2.07,Census Tract,G5020,S,2840819,0,40.3861157,-111.8210596,2551,777,4901771.461,12658.54975
58,49,049,000208,49049000208,2.08,Census Tract,G5020,S,2117625,0,40.3861186,-111.8061491,4088,1224,3653923.996,8428.194249
234,49,007,000300,49007000300,3,Census Tract,G5020,S,7373053,0,39.595645,-110.7957423,4202,1996,12433244.43,18846.48404
489,49,017,000300,49017000300,3,Census Tract,G5020,S,2073182008,5025436,37.8155938,-112.4166517,2342,1945,3335785293,333776.4967
131,49,005,000301,49005000301,3.01,Census Tract,G5020,S,163513882,8568470,41.8333643,-111.9564907,2312,739,310288807.9,112931.6674
222,49,019,000301,49019000301,3.01,Census Tract,G5020,S,118496149,29863,38.5365433,-109.4275144,2470,1537,194020852.4,69794.25994
132,49,005,000302,49005000302,3.02,Census Tract,G5020,S,92877771,7108736,41.7329355,-111.8990413,5869,1730,179710712.6,89364.33801
221,49,019,000302,49019000302,3.02,Census Tract,G5020,S,9358295385,30518223,38.9743261,-109.5734502,2523,1327,15563225328,719736.2294
671,49,017,000400,49017000400,4,Census Tract,G5020,S,11330390585,80585346,37.8146277,-111.2566085,2741,1556,18338209960,730062.3164
91,49,049,000400,49049000400,4,Census Tract,G5020,S,3830392,0,40.3689611,-111.7891429,5843,2202,6605940.027,14511.09972
268,49,005,000401,49005000401,4.01,Census Tract,G5020,S,5622465,21401,41.7668838,-111.8197486,4947,2035,10153228.08,13031.28941
269,49,005,000402,49005000402,4.02,Census Tract,G5020,S,15417452,0,41.790516,-111.7877528,4567,1288,27755429.94,30821.55931
267,49,005,000403,49005000403,4.03,Census Tract,G5020,S,23753087,0,41.7948563,-111.8434252,6530,1893,42767513.37,29742.96144
233,49,007,000500,49007000500,5,Census Tract,G5020,S,1115839194,10987530,39.6621253,-111.0134931,4010,2190,1903766035,210657.3887
658,49,005,000501,49005000501,5.01,Census Tract,G5020,S,2724900,0,41.7419227,-111.845173,5247,2150,4898151.223,9923.111802
657,49,005,000502,49005000502,5.02,Census Tract,G5020,S,5091018,0,41.7604948,-111.8449002,6714,2466,9156651.867,15915.33014
478,49,049,000504,49049000504,5.04,Census Tract,G5020,S,2431208,0,40.36751,-111.7297599,4373,1317,4192702.801,8771.223453
5,49,049,000505,49049000505,5.05,Census Tract,G5020,S,3919712,0,40.3700595,-111.7070846,3288,846,6760192.629,12562.8939
479,49,049,000506,49049000506,5.06,Census Tract,G5020,S,2028487,0,40.3566103,-111.724661,4316,1261,3497076.328,8898.301093
6,49,049,000507,49049000507,5.07,Census Tract,G5020,S,3266953,0,40.3582891,-111.6967597,2203,593,5632448.074,12512.66994
480,49,049,000508,49049000508,5.08,Census Tract,G5020,S,2473691,0,40.3709266,-111.7524115,5309,1653,4266395.996,9307.122516
199,49,049,000510,49049000510,5.1,Census Tract,G5020,S,1980950,0,40.3624797,-111.7673779,3748,1622,3415708.578,7693.757225
341,49,049,000511,49049000511,5.11,Census Tract,G5020,S,2127450,0,40.3604611,-111.7498954,5103,1967,3668104.992,8337.417474
19,49,007,000600,49007000600,6,Census Tract,G5020,S,2610218871,4856913,39.70961,-110.3671444,4753,2260,4416060727,397505.1455
286,49,005,000601,49005000601,6.01,Census Tract,G5020,S,1025729,0,41.7473325,-111.8242472,4277,1346,1844114.938,6225.158335
271,49,049,000601,49049000601,6.01,Census Tract,G5020,S,8578855,0,40.3429521,-111.7406245,4075,1292,14783862.1,18286.50048
285,49,005,000602,49005000602,6.02,Census Tract,G5020,S,1408681,0,41.7537414,-111.8241571,4107,1454,2533107.234,6762.958664
423,49,049,000603,49049000603,6.03,Census Tract,G5020,S,4185376,0,40.3434122,-111.7102207,4279,1191,7212706.516,12019.48877
434,49,049,000604,49049000604,6.04,Census Tract,G5020,S,4769544,0,40.3426676,-111.6837205,3162,833,8219241.422,13667.11479
262,49,005,000701,49005000701,7.01,Census Tract,G5020,S,5074441,40252,41.7520983,-111.7932254,4947,1483,9196802.5,19425.76582
270,49,005,000702,49005000702,7.02,Census Tract,G5020,S,1629053,0,41.7481547,-111.8098413,3480,656,2928878.691,7788.057084
13,49,049,000703,49049000703,7.03,Census Tract,G5020,S,1831747,0,40.3156465,-111.689927,6141,2129,3154096.59,8079.011271
125,49,049,000706,49049000706,7.06,Census Tract,G5020,S,2184751,0,40.3177123,-111.7170691,6370,2258,3762161.211,10264.76935
123,49,049,000707,49049000707,7.07,Census Tract,G5020,S,1532480,0,40.3258061,-111.7137593,3948,1163,2639570.828,7159.829881
435,49,049,000708,49049000708,7.08,Census Tract,G5020,S,1289218,0,40.33006,-111.7009712,2951,769,2220854.863,7414.404178
436,49,049,000709,49049000709,7.09,Census Tract,G5020,S,2016840,0,40.3229545,-111.6917189,3127,868,3473557.254,8568.014892
437,49,049,000710,49049000710,7.1,Census Tract,G5020,S,1186162,0,40.3301261,-111.6831595,2821,790,2043330.543,6570.46013
535,49,049,000711,49049000711,7.11,Census Tract,G5020,S,4997510,0,40.3225091,-111.6625954,2325,606,8606983.797,16213.18368
255,49,005,000800,49005000800,8,Census Tract,G5020,S,1768143,0,41.7389194,-111.8272125,4737,2186,3178042.254,7979.743138
124,49,049,000801,49049000801,8.01,Census Tract,G5020,S,1833326,0,40.3081523,-111.7127586,5624,1729,3156118.418,7982.257207
206,49,049,000803,49049000803,8.03,Census Tract,G5020,S,744723,0,40.3008223,-111.7201807,2694,855,1281783.246,4522.556407
207,49,049,000804,49049000804,8.04,Census Tract,G5020,S,1257439,0,40.3007177,-111.7056502,3150,1159,2164240.164,6242.146921
263,49,005,000900,49005000900,9,Census Tract,G5020,S,1712481,0,41.7302201,-111.8240642,3206,1349,3077166.629,9025.075787
1,49,049,000901,49049000901,9.01,Census Tract,G5020,S,1686016,0,40.3051285,-111.6922978,5559,1958,2902253.359,7129.054778
138,49,049,000903,49049000903,9.03,Census Tract,G5020,S,1674666,0,40.3084459,-111.6740538,3547,1007,2883006.84,8370.574487
139,49,049,000904,49049000904,9.04,Census Tract,G5020,S,1417450,0,40.3008096,-111.6761078,3183,938,2439658.984,6692.809752
659,49,005,001001,49005001001,10.01,Census Tract,G5020,S,1690923,0,41.7204166,-111.8535736,2882,873,3037507.359,8372.180681
117,49,049,001001,49049001001,10.01,Census Tract,G5020,S,1694902,0,40.2934777,-111.6812056,3914,1218,2916559.137,7858.603123
144,49,005,001002,49005001002,10.02,Census Tract,G5020,S,4050713,0,41.7234694,-111.8452163,4626,1872,7277236.242,16218.20879
118,49,049,001002,49049001002,10.02,Census Tract,G5020,S,1508084,0,40.2861635,-111.6792436,2776,853,2594526.672,7371.422328
266,49,005,001101,49005001101,11.01,Census Tract,G5020,S,7357004,0,41.70909,-111.8179908,5816,2027,13211206.02,20877.72764
260,49,005,001102,49005001102,11.02,Census Tract,G5020,S,6125502,460,41.7253704,-111.8025392,5246,1860,11006826.12,19546.45199
119,49,049,001103,49049001103,11.03,Census Tract,G5020,S,2084742,0,40.2784944,-111.7079769,2731,745,3585827.277,8456.488694
438,49,049,001105,49049001105,11.05,Census Tract,G5020,S,1401499,0,40.2862905,-111.7151579,3755,1007,2411173.453,6623.521645
439,49,049,001106,49049001106,11.06,Census Tract,G5020,S,1388700,0,40.2935564,-111.7153517,2967,922,2389657.305,6661.431369
536,49,049,001107,49049001107,11.07,Census Tract,G5020,S,1484435,0,40.2900686,-111.6996702,3961,1457,2554139.418,6961.849065
440,49,049,001108,49049001108,11.08,Census Tract,G5020,S,1090425,0,40.2803271,-111.6914208,3574,1388,1875665.922,6469.342773
148,49,005,001201,49005001201,12.01,Census Tract,G5020,S,16624857,0,41.6713238,-111.8144872,6226,1729,29819034.19,33946.44172
120,49,049,001201,49049001201,12.01,Census Tract,G5020,S,2463963,0,40.2670293,-111.7036321,5803,1921,4236649.816,9299.204742
146,49,005,001202,49005001202,12.02,Census Tract,G5020,S,23261922,70433,41.6716166,-111.8562404,7230,1999,41851250.39,29911.14234
121,49,049,001202,49049001202,12.02,Census Tract,G5020,S,1693938,0,40.2662304,-111.688635,5201,1857,2912571.035,7080.727051
265,49,005,001300,49005001300,13,Census Tract,G5020,S,196800539,571430,41.6555607,-111.9603045,7159,2087,353817334.1,115597.7286
122,49,049,001300,49049001300,13,Census Tract,G5020,S,2669682,0,40.2741757,-111.6769875,3677,1433,4591343.813,11742.81914
147,49,005,001401,49005001401,14.01,Census Tract,G5020,S,15436013,0,41.6293321,-111.8266485,5392,1590,27650861.52,26392.54117
17,49,049,001401,49049001401,14.01,Census Tract,G5020,S,4765065,0,40.2853404,-111.6625556,3710,1167,8197695.492,19054.56827
145,49,005,001402,49005001402,14.02,Census Tract,G5020,S,14001125,13847,41.63596,-111.8754041,4149,1260,25111637.25,26549.67125
355,49,049,001403,49049001403,14.03,Census Tract,G5020,S,808294,0,40.255328,-111.6667101,2321,732,1389347.512,5335.82178
54,49,049,001404,49049001404,14.04,Census Tract,G5020,S,880039,0,40.2614467,-111.6730284,4011,1331,1512937.926,6385.763623
264,49,005,001500,49005001500,15,Census Tract,G5020,S,127001136,1757193,41.5534298,-111.8596147,2175,712,230110757.2,74622.92145
14,49,049,001501,49049001501,15.01,Census Tract,G5020,S,11812062,0,40.3014428,-111.639503,4191,1310,20330781.24,27217.9507
18,49,049,001503,49049001503,15.03,Census Tract,G5020,S,4960906,0,40.2768794,-111.636915,3919,1258,8532510.043,16668.78171
137,49,049,001504,49049001504,15.04,Census Tract,G5020,S,2723059,0,40.265929,-111.6445412,4632,1456,4682023.855,11929.80519
126,49,049,001601,49049001601,16.01,Census Tract,G5020,S,605361,0,40.2558119,-111.6591591,4385,1138,1040541.098,5341.874513
127,49,049,001602,49049001602,16.02,Census Tract,G5020,S,1569239,0,40.2507268,-111.6503298,5380,165,2696937.926,7482.477612
541,49,049,001701,49049001701,17.01,Census Tract,G5020,S,6841497,0,40.2563235,-111.6236778,3697,1201,11759913.36,17163.99977
445,49,049,001702,49049001702,17.02,Census Tract,G5020,S,1284809,0,40.2405854,-111.6357014,4282,1304,2207450.75,7038.188596
133,49,049,001801,49049001801,18.01,Census Tract,G5020,S,498974,0,40.2434274,-111.6508056,6062,1859,857366.1719,5442.406356
15,49,049,001802,49049001802,18.02,Census Tract,G5020,S,583166,0,40.2396106,-111.6508819,7141,2461,1001919.137,4695.290245
134,49,049,001803,49049001803,18.03,Census Tract,G5020,S,485039,0,40.2357059,-111.6498553,1945,809,833235.6563,4229.379572
135,49,049,001900,49049001900,19,Census Tract,G5020,S,1043713,0,40.244163,-111.6633607,4063,1454,1793413.289,6105.332318
220,49,049,002001,49049002001,20.01,Census Tract,G5020,S,898372,0,40.2412138,-111.670596,3357,1217,1543537.164,6327.002981
219,49,049,002002,49049002002,20.02,Census Tract,G5020,S,1125355,0,40.2384669,-111.6805424,3223,1008,1933366.855,5738.345902
365,49,049,002101,49049002101,21.01,Census Tract,G5020,S,2121288,0,40.2535945,-111.6879806,4206,1300,3646019.047,10064.24895
366,49,049,002102,49049002102,21.02,Census Tract,G5020,S,1745742,0,40.247233,-111.6809981,3098,965,2999974.285,9312.683399
446,49,049,002204,49049002204,22.04,Census Tract,G5020,S,5841535,0,40.2510313,-111.7145293,4520,1212,10039504.28,14542.35261
447,49,049,002205,49049002205,22.05,Census Tract,G5020,S,3836770,24222,40.2358893,-111.7170757,4427,1347,6633247.277,18544.77885
16,49,049,002206,49049002206,22.06,Census Tract,G5020,S,1669210,0,40.2296403,-111.6918124,3314,1002,2866979.074,7594.196236
356,49,049,002208,49049002208,22.08,Census Tract,G5020,S,4072198,0,40.3094058,-111.7555197,6588,1889,7010657.445,12698.86012
342,49,049,002209,49049002209,22.09,Census Tract,G5020,S,6990263,0,40.3115896,-111.7376755,3869,1863,12035150.15,15583.08752
349,49,049,002210,49049002210,22.1,Census Tract,G5020,S,1140123,0,40.2824717,-111.7276113,2728,786,1961272.316,6528.379117
204,49,049,002211,49049002211,22.11,Census Tract,G5020,S,1250567,0,40.2677473,-111.7168384,2117,674,2150327.012,7192.227266
198,49,049,002212,49049002212,22.12,Census Tract,G5020,S,9487020,0,40.2795641,-111.7425527,5502,1568,16318499.72,19888.74487
56,49,049,002213,49049002213,22.13,Census Tract,G5020,S,12842902,0,40.2143115,-111.6872614,3935,1032,22048653.96,32876.37809
143,49,049,002300,49049002300,23,Census Tract,G5020,S,1319622,0,40.2298421,-111.6721768,3683,1358,2266556.477,6836.414538
303,49,049,002400,49049002400,24,Census Tract,G5020,S,991590,0,40.2331196,-111.6609779,2149,1111,1703296.941,7414.005218
2,49,049,002500,49049002500,25,Census Tract,G5020,S,1034541,0,40.2296149,-111.6497278,4218,1653,1776891.066,5588.845931
98,49,049,002702,49049002702,27.02,Census Tract,G5020,S,12001667,0,40.2068624,-111.6081619,4975,1538,20599918.18,20953.77489
346,49,049,002703,49049002703,27.03,Census Tract,G5020,S,999706,0,40.2266819,-111.6369461,2794,882,1716915.016,5989.776234
456,49,049,002901,49049002901,29.01,Census Tract,G5020,S,12681326,0,40.1647516,-111.6310728,8681,2419,21739694.78,19866.32637
457,49,049,002902,49049002902,29.02,Census Tract,G5020,S,1970209,0,40.1720951,-111.6142632,3579,1201,3378276.328,10436.98724
463,49,049,003001,49049003001,30.01,Census Tract,G5020,S,2464039,0,40.1785789,-111.6048203,4473,1389,4225824.844,11237.69061
464,49,049,003002,49049003002,30.02,Census Tract,G5020,S,5022199,0,40.1745775,-111.5831745,2227,704,8612070.855,14721.02885
465,49,049,003103,49049003103,31.03,Census Tract,G5020,S,1813867,0,40.1539525,-111.5890899,2814,798,3108542.32,7739.249336
99,49,049,003104,49049003104,31.04,Census Tract,G5020,S,6447825,0,40.1578822,-111.5651687,4257,1113,11051336.19,16585.90525
100,49,049,003105,49049003105,31.05,Census Tract,G5020,S,1821719,0,40.1623456,-111.6002674,3838,1361,3122766.281,8168.987503
466,49,049,003106,49049003106,31.06,Census Tract,G5020,S,1730464,0,40.1493479,-111.6041325,2856,858,2965205.992,8521.732214
142,49,049,003201,49049003201,32.01,Census Tract,G5020,S,1554968,0,40.1200505,-111.6472352,2664,899,2662215.156,7504.273604
304,49,049,003203,49049003203,32.03,Census Tract,G5020,S,3199044,0,40.0969331,-111.6422829,4014,1129,5473299.773,10075.28781
467,49,049,003204,49049003204,32.04,Census Tract,G5020,S,1238687,0,40.1103247,-111.6476386,2725,954,2120111.512,6075.399642
468,49,049,003205,49049003205,32.05,Census Tract,G5020,S,1701049,0,40.1061007,-111.632043,3993,1119,2911135.016,8237.245464
197,49,049,003301,49049003301,33.01,Census Tract,G5020,S,2192964,0,40.1032614,-111.6661769,4205,1174,3752672.238,9128.671155
358,49,049,003302,49049003302,33.02,Census Tract,G5020,S,1961446,0,40.1139774,-111.6625946,3034,966,3357538.871,8632.725627
3,49,049,003401,49049003401,34.01,Census Tract,G5020,S,9085765,23788,40.0560227,-111.712257,3896,1233,15566739.17,18878.82528
305,49,049,003403,49049003403,34.03,Census Tract,G5020,S,3321887,0,40.0330523,-111.7448871,5315,1585,5672907.945,11192.20067
53,49,049,003404,49049003404,34.04,Census Tract,G5020,S,2541711,0,40.0346672,-111.7155241,2361,709,4340776.969,9574.133087
208,49,049,003405,49049003405,34.05,Census Tract,G5020,S,2625658,0,40.032305,-111.7307052,3935,1170,4483830.551,11118.28687
141,49,023,010100,49023010100,101,Census Tract,G5020,S,51298337,0,39.7075428,-111.8650645,6653,2217,86783124.73,40951.64767
469,49,049,010107,49049010107,101.07,Census Tract,G5020,S,641232224,177110,40.2359905,-112.0752235,5765,1349,1102053718,223981.1065
621,49,049,010110,49049010110,101.1,Census Tract,G5020,S,5619395,228993,40.3969272,-111.8826956,5326,1229,10094273.21,15230.79195
201,49,049,010114,49049010114,101.14,Census Tract,G5020,S,16378471,0,40.3196562,-111.9938423,7244,1754,28205511.74,23549.17979
340,49,049,010115,49049010115,101.15,Census Tract,G5020,S,74202713,0,40.2668808,-111.9872424,3604,934,127587392.3,52658.8229
352,49,049,010116,49049010116,101.16,Census Tract,G5020,S,14956427,0,40.3023805,-111.9162718,7299,1778,25743540.02,26696.09548
353,49,049,010117,49049010117,101.17,Census Tract,G5020,S,18929013,0,40.3245179,-111.9398977,3801,811,32602495.92,28146.84887
51,49,049,010118,49049010118,101.18,Census Tract,G5020,S,3114517,0,40.346654,-111.911038,5723,1547,5366604.172,14922.12716
205,49,049,010119,49049010119,101.19,Census Tract,G5020,S,4225590,0,40.3474575,-111.9923429,2622,629,7282881.391,13565.19308
359,49,049,010120,49049010120,101.2,Census Tract,G5020,S,9010841,0,40.3467276,-111.9668515,11715,2757,15530016.13,19137.7776
351,49,049,010121,49049010121,101.21,Census Tract,G5020,S,8146776,0,40.3729211,-111.95428,9403,2322,14051654.23,15476.82031
214,49,049,010122,49049010122,101.22,Census Tract,G5020,S,12411180,0,40.3615175,-112.0021352,7132,1731,21399740.89,22844.21579
350,49,049,010123,49049010123,101.23,Census Tract,G5020,S,7719064,0,40.4026627,-111.9325297,7623,1947,13325590.49,15608.3313
217,49,049,010124,49049010124,101.24,Census Tract,G5020,S,5245914,20222,40.4032762,-111.9093644,5299,1864,9091502.465,15819.62844
52,49,049,010125,49049010125,101.25,Census Tract,G5020,S,11787568,54958,40.3654602,-111.9241466,3542,1024,20421919.05,25168.96594
216,49,049,010126,49049010126,101.26,Census Tract,G5020,S,5022151,231999,40.3734527,-111.8968931,3115,725,9062799.082,15081.82485
215,49,049,010127,49049010127,101.27,Census Tract,G5020,S,5698166,51547,40.3711028,-111.8745922,6391,1686,9916966.117,16587.87458
203,49,049,010128,49049010128,101.28,Census Tract,G5020,S,4300939,20570,40.4307668,-111.8962854,4394,1227,7466548.922,17286.65436
213,49,049,010129,49049010129,101.29,Census Tract,G5020,S,5943801,316270,40.4183103,-111.8975923,5147,1358,10812534.91,18002.67517
202,49,049,010130,49049010130,101.3,Census Tract,G5020,S,2505990,0,40.3723701,-111.8580535,4250,997,4322280.902,8317.076146
57,49,049,010131,49049010131,101.31,Census Tract,G5020,S,21840663,26864,40.3527923,-111.8004871,5060,1498,37696527.45,34093.01406
622,49,049,010132,49049010132,101.32,Census Tract,G5020,S,71814669,359844715,40.2041976,-111.8939504,4378,1066,741056400.4,192642.9103
140,49,023,010200,49023010200,102,Census Tract,G5020,S,8733109185,36542088,39.71412,-112.790471,5133,1599,14833974421,855830.492
424,49,049,010208,49049010208,102.08,Census Tract,G5020,S,5347057,0,40.4467884,-111.7921185,4107,1018,9242780.359,13730.57688
7,49,049,010209,49049010209,102.09,Census Tract,G5020,S,6765130,0,40.4440183,-111.7673794,5649,1528,11693063.32,16292.28864
4,49,049,010210,49049010210,102.1,Census Tract,G5020,S,15810476,0,40.4005884,-111.7306856,5868,1592,27292325.93,26101.42558
10,49,049,010211,49049010211,102.11,Census Tract,G5020,S,76536151,26992,40.4888428,-111.7277764,3898,1047,132504715.7,61402.53804
425,49,049,010212,49049010212,102.12,Census Tract,G5020,S,18915270,0,40.4511984,-111.8762829,9953,3043,32700661.45,24030.97531
426,49,049,010213,49049010213,102.13,Census Tract,G5020,S,3290447,0,40.3981295,-111.760351,3240,792,5679615.348,10582.10855
441,49,049,010216,49049010216,102.16,Census Tract,G5020,S,2969781,0,40.4248218,-111.8397078,3544,950,5130148.188,11005.80971
537,49,049,010217,49049010217,102.17,Census Tract,G5020,S,21139485,0,40.455775,-111.8267643,7135,1919,36550803.37,28208.65452
442,49,049,010219,49049010219,102.19,Census Tract,G5020,S,6447254,0,40.4198858,-111.7879949,5704,1515,11135686.28,14109.01159
538,49,049,010220,49049010220,102.2,Census Tract,G5020,S,9371841,0,40.425371,-111.7439811,6336,1575,16189672.63,20143.53392
211,49,049,010221,49049010221,102.21,Census Tract,G5020,S,2027559,0,40.4253481,-111.8762321,2032,668,3502567.418,8701.450889
212,49,049,010222,49049010222,102.22,Census Tract,G5020,S,3393100,0,40.4229336,-111.8591969,7105,1746,5861088.992,9660.472014
343,49,049,010223,49049010223,102.23,Census Tract,G5020,S,2654486,0,40.4258728,-111.8152355,2489,555,4585640.656,9397.090338
344,49,049,010224,49049010224,102.24,Census Tract,G5020,S,3901284,0,40.4135191,-111.8161608,3619,845,6737031.172,10607.07826
55,49,049,010225,49049010225,102.25,Census Tract,G5020,S,3025882,0,40.3837989,-111.7592711,4188,1018,5220737.836,9159.138898
354,49,049,010226,49049010226,102.26,Census Tract,G5020,S,2688306,0,40.3827543,-111.7404495,3751,949,4638161.191,9009.447501
539,49,049,010303,49049010303,103.03,Census Tract,G5020,S,9795433,0,40.1402503,-111.5661963,5205,1396,16780385.17,22382.50067
540,49,049,010305,49049010305,103.05,Census Tract,G5020,S,34035766,0,40.105702,-111.5633371,3974,1055,58247283.36,31412.46756
348,49,049,010306,49049010306,103.06,Census Tract,G5020,S,6797750,0,40.1334088,-111.6318856,2282,695,11642775.79,14451.07737
200,49,049,010307,49049010307,103.07,Census Tract,G5020,S,5821105,0,40.1056731,-111.6120424,6502,1595,9961973.301,16766.81351
218,49,049,010308,49049010308,103.08,Census Tract,G5020,S,5881222,0,40.1265749,-111.6104064,4919,1247,10070996.21,15091.53391
443,49,049,010404,49049010404,104.04,Census Tract,G5020,S,2107067,0,40.0903961,-111.6236493,5188,1275,3604331.406,8102.794113
444,49,049,010405,49049010405,104.05,Census Tract,G5020,S,1631373,0,40.0891288,-111.607888,3893,961,2790509.719,8604.842299
12,49,049,010406,49049010406,104.06,Census Tract,G5020,S,30907295,0,40.0770613,-111.6593552,3555,981,52849187.18,43935.54175
448,49,049,010407,49049010407,104.07,Census Tract,G5020,S,7600019,58009,40.0401701,-111.6906984,2652,787,13081116.61,19317.31447
449,49,049,010408,49049010408,104.08,Census Tract,G5020,S,6316882,0,40.0490244,-111.6598208,4745,1291,10792579.1,15918.09789
11,49,049,010409,49049010409,104.09,Census Tract,G5020,S,45040470,0,39.9440138,-111.7630224,3721,958,76718631.01,43857.38986
92,49,049,010410,49049010410,104.1,Census Tract,G5020,S,14489132,27969,40.0036126,-111.7405956,4410,1183,24771208.62,26955.87314
93,49,049,010411,49049010411,104.11,Census Tract,G5020,S,261445868,119359,39.9466355,-111.6661157,7911,2036,445518988.1,130662.4922
94,49,049,010503,49049010503,105.03,Census Tract,G5020,S,88580828,645018,40.1360548,-111.7150317,3687,1193,152830141.4,64113.23959
95,49,049,010504,49049010504,105.04,Census Tract,G5020,S,63260123,16518,40.0589715,-111.7636999,3942,1215,108136172.2,53236.14374
453,49,049,010505,49049010505,105.05,Census Tract,G5020,S,5500630,1204,39.9845777,-111.7846095,5087,1373,9382581.539,13024.28807
454,49,049,010506,49049010506,105.06,Census Tract,G5020,S,7225272,110911,39.9647734,-111.8015089,2109,637,12502905.7,17198.16185
90,49,049,010600,49049010600,106,Census Tract,G5020,S,682441977,248293,39.972361,-111.9783615,5884,1599,1163819186,261120.3837
455,49,049,010700,49049010700,107,Census Tract,G5020,S,5471091,0,40.3949516,-111.7831957,5310,1508,9442716.746,12905.29864
96,49,049,010900,49049010900,109,Census Tract,G5020,S,2393995115,448739,40.0668653,-111.3869803,1094,703,4092892820,484822.3829
422,49,001,100100,49001100100,1001,Census Tract,G5020,S,1357843756,830378,38.3450604,-112.5833973,4426,1804,2212103713,232944.8792
611,49,035,100100,49035100100,1001,Census Tract,G5020,S,4024237,0,40.7906107,-111.910117,2987,2014,7027600.547,15932.45317
421,49,001,100200,49001100200,1002,Census Tract,G5020,S,5331838094,4468088,38.3601337,-113.4015527,2646,1059,8692729690,427884.294
562,49,035,100200,49035100200,1002,Census Tract,G5020,S,23730782,0,40.8122772,-111.8703688,1333,589,41468319.45,36458.44211
612,49,035,100306,49035100306,1003.06,Census Tract,G5020,S,1790191,0,40.7751654,-111.9444261,6043,2509,3124794.691,7919.704207
703,49,035,100307,49035100307,1003.07,Census Tract,G5020,S,1449058,0,40.7954833,-111.9456454,4968,1220,2530887.844,8340.012819
27,49,035,100308,49035100308,1003.08,Census Tract,G5020,S,1380994,0,40.7949871,-111.9387476,4025,1313,2411970.84,10568.52824
613,49,035,100500,49035100500,1005,Census Tract,G5020,S,1884464,0,40.7866777,-111.9243102,5893,2283,3290482.59,8596.245528
614,49,035,100600,49035100600,1006,Census Tract,G5020,S,2936104,0,40.7769433,-111.924706,6699,2479,5125269.395,9995.540063
615,49,035,100700,49035100700,1007,Census Tract,G5020,S,1133917,0,40.7812767,-111.894669,2683,1640,1979622.828,8094.76284
616,49,035,100800,49035100800,1008,Census Tract,G5020,S,724107,0,40.7729748,-111.8928665,2562,1806,1263851.871,4915.971645
617,49,035,101000,49035101000,1010,Census Tract,G5020,S,1426315,0,40.7804596,-111.8740038,3127,1516,2490041.84,9847.619612
689,49,035,101101,49035101101,1011.01,Census Tract,G5020,S,484334,0,40.7727949,-111.8753074,1973,1172,845341.9844,3695.457866
685,49,035,101102,49035101102,1011.02,Census Tract,G5020,S,559108,0,40.773022,-111.8831699,3431,2355,975865.6953,4849.805355
606,49,035,101200,49035101200,1012,Census Tract,G5020,S,1739703,0,40.7743878,-111.8613783,3972,2269,3036600.254,7583.721634
314,49,035,101401,49035101401,1014.01,Census Tract,G5020,S,1361536,0,40.7543922,-111.8428678,2171,1119,2375104.441,6492.757819
324,49,035,101402,49035101402,1014.02,Census Tract,G5020,S,9390514,0,40.7673751,-111.8275153,4339,567,16387428.06,21903.64432
504,49,035,101500,49035101500,1015,Census Tract,G5020,S,824034,0,40.7650072,-111.857402,3288,1790,1437922.09,4806.199391
505,49,035,101600,49035101600,1016,Census Tract,G5020,S,992521,0,40.7553814,-111.8575716,3742,2005,1731435.59,5496.619385
506,49,035,101700,49035101700,1017,Census Tract,G5020,S,701146,0,40.7650052,-111.8667584,3582,2237,1223485.75,4470.547563
507,49,035,101800,49035101800,1018,Census Tract,G5020,S,876555,0,40.7552002,-111.8667583,3347,2054,1529120.926,5145.214838
508,49,035,101900,49035101900,1019,Census Tract,G5020,S,699486,0,40.765004,-111.8753495,3103,2182,1220591.641,4466.363764
509,49,035,102000,49035102000,1020,Census Tract,G5020,S,874229,0,40.7552213,-111.8753468,2837,1700,1525066.074,5104.263514
563,49,035,102100,49035102100,1021,Census Tract,G5020,S,466832,0,40.765001,-111.8825026,2378,1784,814614.0117,3831.835714
529,49,035,102300,49035102300,1023,Census Tract,G5020,S,817356,0,40.7549061,-111.8837235,3153,1812,1425842.125,5107.557073
318,49,035,102501,49035102501,1025.01,Census Tract,G5020,S,1033340,0,40.7680562,-111.9032949,3134,2102,1803325.082,5937.841334
317,49,035,102502,49035102502,1025.02,Census Tract,G5020,S,810983,0,40.7628032,-111.9038924,2062,1308,1415057.195,5660.56577
530,49,035,102600,49035102600,1026,Census Tract,G5020,S,2449681,0,40.7613194,-111.9181936,4391,1519,4274175.258,10056.17674
706,49,035,102701,49035102701,1027.01,Census Tract,G5020,S,1399528,0,40.75387,-111.9305522,4752,1707,2441346.625,6856.381658
684,49,035,102702,49035102702,1027.02,Census Tract,G5020,S,1698067,0,40.7647389,-111.9321856,3704,1171,2963070.563,7260.430443
490,49,035,102801,49035102801,1028.01,Census Tract,G5020,S,2778928,0,40.7450893,-111.9225573,5919,1816,4846291.836,10106.564
533,49,035,102802,49035102802,1028.02,Census Tract,G5020,S,5260249,0,40.7327185,-111.9216317,4888,1321,9170197.059,12708.20639
491,49,035,102900,49035102900,1029,Census Tract,G5020,S,3770811,0,40.7378521,-111.8965061,5768,2867,6574669.672,11469.4041
492,49,035,103000,49035103000,1030,Census Tract,G5020,S,1313024,0,40.7457026,-111.879636,2756,1303,2289884.203,6218.610965
493,49,035,103100,49035103100,1031,Census Tract,G5020,S,1305553,0,40.7375656,-111.8796317,4144,1894,2276306.191,6202.663657
494,49,035,103200,49035103200,1032,Census Tract,G5020,S,1297351,0,40.729473,-111.8796369,4433,2296,2261451.496,6185.685769
495,49,035,103300,49035103300,1033,Census Tract,G5020,S,1305080,0,40.7294586,-111.8624747,4256,2226,2274929.855,6210.037185
496,49,035,103400,49035103400,1034,Census Tract,G5020,S,1312256,0,40.7375662,-111.8624478,4167,1939,2287991.617,6209.445681
607,49,035,103500,49035103500,1035,Census Tract,G5020,S,1313693,0,40.7457126,-111.8624743,4031,1883,2291054.738,6219.807123
497,49,035,103600,49035103600,1036,Census Tract,G5020,S,1033455,0,40.7463575,-111.8480783,2671,1055,1802356.844,5854.497888
498,49,035,103700,49035103700,1037,Census Tract,G5020,S,883575,0,40.737578,-111.8480497,2631,1135,1540561.707,4979.137778
499,49,035,103800,49035103800,1038,Census Tract,G5020,S,848294,0,40.7296129,-111.8480668,2325,1056,1478688.648,4960.304733
500,49,035,103900,49035103900,1039,Census Tract,G5020,S,1308226,0,40.7295333,-111.8336403,3605,1519,2280411.895,6312.821791
237,49,035,104000,49035104000,1040,Census Tract,G5020,S,1395800,0,40.7373593,-111.8329181,3302,1258,2433640.074,6708.333476
428,49,035,104100,49035104100,1041,Census Tract,G5020,S,1038948,0,40.7459435,-111.8359403,2941,1137,1811912.762,5959.862524
556,49,035,104200,49035104200,1042,Census Tract,G5020,S,5685126,0,40.7380087,-111.8126776,6895,2976,9912458.684,20970.862
429,49,035,104300,49035104300,1043,Census Tract,G5020,S,1085945,0,40.7258851,-111.8186977,2901,1359,1892737.695,6645.560159
430,49,035,104400,49035104400,1044,Census Tract,G5020,S,1720159,0,40.7185107,-111.8226552,2067,699,2997486.891,8151.3492
531,49,035,104700,49035104700,1047,Census Tract,G5020,S,2146961,0,40.7157608,-111.8482936,4818,2168,3740910.41,11130.9612
151,49,035,104800,49035104800,1048,Census Tract,G5020,S,2055555,0,40.7094175,-111.8522968,5263,2323,3580961.477,10469.37799
431,49,035,104900,49035104900,1049,Census Tract,G5020,S,1285177,0,40.7166384,-111.8722564,3135,1568,2239377.934,8031.498905
648,49,021,110100,49021110100,1101,Census Tract,G5020,S,2267334253,1076902,37.9023884,-112.7610373,4434,3128,3649234015,300544.4407
557,49,035,110103,49035110103,1101.03,Census Tract,G5020,S,254401584,388272,40.7437875,-111.7538003,3562,1610,444628624.7,128093.1831
601,49,035,110104,49035110104,1101.04,Census Tract,G5020,S,64334095,0,40.6742236,-111.7201052,5557,2092,111958500.8,67696.67136
232,49,035,110105,49035110105,1101.05,Census Tract,G5020,S,3550935,0,40.6010045,-111.7881364,2011,835,6166143.176,16243.43332
307,49,035,110106,49035110106,1101.06,Census Tract,G5020,S,223061292,570124,40.6169806,-111.6868121,2519,1770,388368966.9,99725.20731
432,49,035,110200,49035110200,1102,Census Tract,G5020,S,3434048,0,40.7063254,-111.8108788,5070,1876,5981866.602,9816.817522
88,49,021,110201,49021110201,1102.01,Census Tract,G5020,S,12397351,0,37.7493853,-113.0545971,4488,1370,19862990.47,18358.05471
86,49,021,110202,49021110202,1102.02,Census Tract,G5020,S,1043046897,1138856,37.9873412,-113.1277009,5294,1551,1684009690,202083.4213
649,49,021,110300,49021110300,1103,Census Tract,G5020,S,4274439054,4490103,37.8599009,-113.6153902,4527,1586,6876701245,377440.0011
605,49,035,110300,49035110300,1103,Census Tract,G5020,S,2331361,0,40.7049108,-111.8359425,5802,2326,4060893.641,10393.74665
647,49,021,110400,49021110400,1104,Census Tract,G5020,S,2942442,0,37.6692438,-113.0740901,5031,1611,4704265.906,9979.12601
106,49,035,110401,49035110401,1104.01,Census Tract,G5020,S,1807681,0,40.6936046,-111.8465316,3401,1608,3147657.352,7135.197625
691,49,035,110402,49035110402,1104.02,Census Tract,G5020,S,1748671,0,40.6933762,-111.8317664,3873,1410,3044883.25,7125.912649
433,49,035,110500,49035110500,1105,Census Tract,G5020,S,3384832,0,40.6935504,-111.8103653,6425,2195,5893901.098,10072.73165
85,49,021,110501,49021110501,1105.01,Census Tract,G5020,S,3777818,0,37.7078658,-113.0619677,7022,2455,6046081.188,14530.23434
82,49,021,110502,49021110502,1105.02,Census Tract,G5020,S,123098666,0,37.7139249,-112.9905303,4602,1732,197041300,69741.9489
472,49,035,110600,49035110600,1106,Census Tract,G5020,S,2916677,0,40.6811965,-111.8115857,5825,2033,5076841.387,9376.518357
89,49,021,110601,49021110601,1106.01,Census Tract,G5020,S,1273316,0,37.6755784,-113.0606463,1980,961,2036075.629,5978.41498
87,49,021,110602,49021110602,1106.02,Census Tract,G5020,S,340491436,127606,37.5920107,-113.0080873,4751,1953,543264155.9,128115.681
481,49,035,110701,49035110701,1107.01,Census Tract,G5020,S,1307309,0,40.6803669,-111.8486118,3798,1567,2275481.629,6200.28493
629,49,021,110702,49021110702,1107.02,Census Tract,G5020,S,438263163,4557489,37.5665761,-113.2360299,6609,2352,706047254.4,163889.2125
482,49,035,110702,49035110702,1107.02,Census Tract,G5020,S,2258320,0,40.6808501,-111.8338739,5199,1888,3930851.133,8010.073259
83,49,021,110703,49021110703,1107.03,Census Tract,G5020,S,4377237,0,37.6738841,-113.0955224,4645,1558,6999032.531,10800.28743
84,49,021,110704,49021110704,1107.04,Census Tract,G5020,S,26032752,0,37.7181473,-113.0915715,3906,1495,41674729.95,37711.68974
547,49,035,110800,49035110800,1108,Census Tract,G5020,S,3400677,0,40.6675888,-111.8354938,5813,2466,5916909.516,11913.44629
483,49,035,110900,49035110900,1109,Census Tract,G5020,S,2542610,0,40.6679362,-111.81372,4923,1726,4423989.426,8651.525042
552,49,035,111001,49035111001,1110.01,Census Tract,G5020,S,6281296,0,40.647014,-111.8214391,4594,1672,10922291.54,15170.88231
560,49,035,111002,49035111002,1110.02,Census Tract,G5020,S,3814184,0,40.6287253,-111.8143728,5627,2375,6628708.934,13217.01555
79,49,035,111104,49035111104,1111.04,Census Tract,G5020,S,2061998,5138,40.6357283,-111.8592239,2982,1257,3593679.219,8180.507224
337,49,035,111105,49035111105,1111.05,Census Tract,G5020,S,1687020,0,40.6574439,-111.8600159,3847,1679,2934396.676,7227.682246
326,49,035,111106,49035111106,1111.06,Census Tract,G5020,S,1482621,0,40.6615506,-111.8445788,3118,1500,2579189.09,6577.277725
327,49,035,111107,49035111107,1111.07,Census Tract,G5020,S,1480786,0,40.6536067,-111.8457627,3090,1459,2575378.172,7147.057409
313,49,035,111108,49035111108,1111.08,Census Tract,G5020,S,1733406,0,40.6356562,-111.8449417,3332,1333,3013123.359,7097.923994
328,49,035,111109,49035111109,1111.09,Census Tract,G5020,S,1686173,0,40.6448293,-111.8447396,3233,1571,2931826.195,7337.71555
484,49,035,111201,49035111201,1112.01,Census Tract,G5020,S,1378360,0,40.6282272,-111.8453824,2632,1125,2395436.246,7844.357346
485,49,035,111202,49035111202,1112.02,Census Tract,G5020,S,2486448,0,40.6191959,-111.8441483,4664,1917,4320005.195,10173.13241
486,49,035,111302,49035111302,1113.02,Census Tract,G5020,S,3333035,0,40.6156482,-111.8033429,5878,2258,5790272.973,11171.86614
603,49,035,111304,49035111304,1113.04,Census Tract,G5020,S,3012289,0,40.5963086,-111.8016288,3692,1399,5230044.586,13620.20295
487,49,035,111305,49035111305,1113.05,Census Tract,G5020,S,1929639,0,40.6185327,-111.8243176,3872,1413,3352525.715,7501.640303
532,49,035,111306,49035111306,1113.06,Census Tract,G5020,S,1531099,0,40.6083544,-111.8210221,2454,1108,2659311.254,8508.254546
152,49,035,111400,49035111400,1114,Census Tract,G5020,S,2155022,0,40.7153516,-111.8824612,6976,3521,3754900.887,9407.448737
554,49,035,111500,49035111500,1115,Census Tract,G5020,S,7537546,0,40.7131718,-111.9071179,2529,1305,13132551.11,16961.71531
64,49,035,111601,49035111601,1116.01,Census Tract,G5020,S,3464147,0,40.6934636,-111.8953346,4449,2014,6031990.301,11550.083
374,49,035,111602,49035111602,1116.02,Census Tract,G5020,S,3313299,0,40.6908047,-111.9117309,6762,2248,5768863.68,11066.16617
712,49,035,111701,49035111701,1117.01,Census Tract,G5020,S,1358256,0,40.693467,-111.8826082,5452,2244,2365082.301,6277.7578
28,49,035,111702,49035111702,1117.02,Census Tract,G5020,S,1726762,0,40.7038308,-111.8755125,4407,1862,3007285.668,12224.02918
686,49,035,111801,49035111801,1118.01,Census Tract,G5020,S,2083862,0,40.6934786,-111.8626901,5762,2564,3628556.18,7617.072222
690,49,035,111802,49035111802,1118.02,Census Tract,G5020,S,1189465,0,40.7033792,-111.8625973,2777,1471,2071788.078,7823.628429
713,49,035,111903,49035111903,1119.03,Census Tract,G5020,S,2072253,0,40.680683,-111.862747,4113,1876,3606962.223,7592.371898
692,49,035,111904,49035111904,1119.04,Census Tract,G5020,S,1324948,0,40.6701775,-111.8624909,3624,1815,2305486.348,6046.334293
714,49,035,111905,49035111905,1119.05,Census Tract,G5020,S,1167718,0,40.6765749,-111.8744366,3806,1871,2032282.609,8615.733516
283,49,035,111906,49035111906,1119.06,Census Tract,G5020,S,1016423,0,40.6820041,-111.8818921,4524,1983,1769253.703,5736.404092
408,49,035,112001,49035112001,1120.01,Census Tract,G5020,S,1430273,0,40.6700047,-111.8796059,3362,1615,2488744.961,10117.21181
639,49,035,112002,49035112002,1120.02,Census Tract,G5020,S,2631001,0,40.6568483,-111.8745363,4871,2366,4576268.441,12014.16267
373,49,035,112101,49035112101,1121.01,Census Tract,G5020,S,3054645,0,40.6681026,-111.8949529,5058,2754,5314924.219,10918.50254
335,49,035,112102,49035112102,1121.02,Census Tract,G5020,S,3638622,0,40.6611359,-111.9106813,5041,1871,6329700.254,15212.31775
488,49,035,112201,49035112201,1122.01,Census Tract,G5020,S,4087484,0,40.6398028,-111.9122639,5018,1790,7106032.582,12172.48514
501,49,035,112202,49035112202,1122.02,Census Tract,G5020,S,3753030,0,40.6411016,-111.895959,4005,1645,6524835.066,11648.92293
502,49,035,112301,49035112301,1123.01,Census Tract,G5020,S,2257609,0,40.649956,-111.8813143,3815,1525,3926007.582,9873.283615
503,49,035,112302,49035112302,1123.02,Census Tract,G5020,S,2515591,0,40.6362784,-111.877486,3623,1452,4372853.105,8635.058805
473,49,035,112402,49035112402,1124.02,Census Tract,G5020,S,2720633,0,40.6002942,-111.8972171,7498,2636,4724232.625,9510.883652
693,49,035,112404,49035112404,1124.04,Census Tract,G5020,S,2113199,0,40.6186891,-111.8976086,4578,2165,3671460.477,8522.705973
329,49,035,112405,49035112405,1124.05,Census Tract,G5020,S,2722703,0,40.6196664,-111.9124539,6241,2628,4730556.75,9763.691497
330,49,035,112406,49035112406,1124.06,Census Tract,G5020,S,2920130,0,40.6000328,-111.9106336,3394,1765,5070606.203,10536.36547
474,49,035,112501,49035112501,1125.01,Census Tract,G5020,S,1693388,0,40.6257186,-111.8813128,4027,1548,2942693.965,6983.197733
475,49,035,112503,49035112503,1125.03,Census Tract,G5020,S,1950698,0,40.6151376,-111.8814433,4832,1847,3388766.668,7429.303296
71,49,035,112504,49035112504,1125.04,Census Tract,G5020,S,881202,0,40.6260528,-111.8663589,2995,1616,1531332.516,5118.584632
63,49,035,112505,49035112505,1125.05,Census Tract,G5020,S,1892570,0,40.6159528,-111.8640338,3972,1776,3287878.523,7899.029008
534,49,035,112604,49035112604,1126.04,Census Tract,G5020,S,2636494,0,40.5729702,-111.8617362,4767,1584,4574416.723,9074.331027
631,49,035,112608,49035112608,1126.08,Census Tract,G5020,S,2455885,0,40.5874077,-111.844163,5165,1687,4262882.699,8280.799383
561,49,035,112609,49035112609,1126.09,Census Tract,G5020,S,3297665,0,40.5828598,-111.8161053,5402,1764,5723254.953,13083.37164
655,49,035,112610,49035112610,1126.1,Census Tract,G5020,S,2102805,0,40.6034699,-111.881929,6292,2673,3651749.566,8026.997423
602,49,035,112611,49035112611,1126.11,Census Tract,G5020,S,2613553,0,40.6023382,-111.8626006,6681,2416,4538555.281,8663.360018
662,49,035,112612,49035112612,1126.12,Census Tract,G5020,S,2584969,0,40.5877922,-111.8626662,5440,2248,4486984.215,8481.362427
663,49,035,112613,49035112613,1126.13,Census Tract,G5020,S,2972074,0,40.5708504,-111.8450889,5264,1867,5156335.57,9994.924653
550,49,035,112614,49035112614,1126.14,Census Tract,G5020,S,2559699,0,40.5988597,-111.8199776,3575,1176,4444592.684,10288.77886
664,49,035,112615,49035112615,1126.15,Census Tract,G5020,S,1202685,0,40.5912386,-111.8228853,2340,756,2087836.898,6604.403086
549,49,035,112616,49035112616,1126.16,Census Tract,G5020,S,2463357,0,40.5741034,-111.8235164,4239,1486,4274164.121,10434.40814
608,49,035,112617,49035112617,1126.17,Census Tract,G5020,S,2978899,0,40.5646062,-111.8230589,3354,1052,5167221.07,10927.89443
410,49,035,112618,49035112618,1126.18,Census Tract,G5020,S,2335615,0,40.6088165,-111.8461116,3911,1505,4056687.359,11232.42919
403,49,035,112619,49035112619,1126.19,Census Tract,G5020,S,1660651,0,40.5981691,-111.8410457,3111,1035,2883448.023,9478.008078
371,49,035,112620,49035112620,1126.2,Census Tract,G5020,S,1449265,0,40.575039,-111.8789231,3206,1047,2514686.559,6484.975401
316,49,035,112621,49035112621,1126.21,Census Tract,G5020,S,4868289,0,40.578378,-111.901048,5540,2934,8448023.719,13521.17024
559,49,035,112700,49035112700,1127,Census Tract,G5020,S,2960294,0,40.5891234,-111.8811952,5671,2189,5138683.813,9457.460997
650,49,035,112804,49035112804,1128.04,Census Tract,G5020,S,2567389,0,40.5515335,-111.8627803,5429,1774,4451688.207,8415.416094
646,49,035,112805,49035112805,1128.05,Census Tract,G5020,S,2760665,0,40.5359016,-111.8615021,5319,1604,4784589.055,9063.278186
548,49,035,112812,49035112812,1128.12,Census Tract,G5020,S,2858610,0,40.5631815,-111.873585,5774,1918,4958363.848,10564.49267
609,49,035,112813,49035112813,1128.13,Census Tract,G5020,S,4169218,0,40.5488813,-111.8429134,5410,1736,7228589.797,12313.71823
555,49,035,112814,49035112814,1128.14,Census Tract,G5020,S,5340756,0,40.5521602,-111.8175493,4960,1569,9260699.43,15563.03954
546,49,035,112815,49035112815,1128.15,Census Tract,G5020,S,40112290,43405,40.5280334,-111.7889719,5126,1587,69581981.67,47275.46305
409,49,035,112816,49035112816,1128.16,Census Tract,G5020,S,6347114,0,40.5058222,-111.8695867,5906,2003,10990606.5,20257.77443
111,49,035,112818,49035112818,1128.18,Census Tract,G5020,S,3128654,0,40.4953328,-111.9014336,3159,2,5415871.566,9508.690474
404,49,035,112821,49035112821,1128.21,Census Tract,G5020,S,11163039,0,40.4976437,-111.8416517,7038,2034,19325121.65,27485.46405
710,49,035,112822,49035112822,1128.22,Census Tract,G5020,S,2548227,0,40.5515538,-111.8815496,5269,2010,4418464.195,8452.521087
705,49,035,112823,49035112823,1128.23,Census Tract,G5020,S,3588168,0,40.5350566,-111.8803518,6165,2321,6218614.191,10515.39364
370,49,035,112824,49035112824,1128.24,Census Tract,G5020,S,5094035,0,40.5471434,-111.9090897,5722,2377,8831577.848,19512.17083
372,49,035,112825,49035112825,1128.25,Census Tract,G5020,S,12225812,0,40.5234997,-111.903723,4874,1646,21181182.13,36934.68792
309,49,035,112826,49035112826,1128.26,Census Tract,G5020,S,10124468,0,40.4879515,-111.960228,5253,1345,17522161.41,20199.99443
375,49,035,112827,49035112827,1128.27,Census Tract,G5020,S,14746155,5898,40.4733075,-111.9252104,10862,3386,25518598.69,29398.0177
78,49,035,112828,49035112828,1128.28,Census Tract,G5020,S,3004592,0,40.5144601,-111.8753718,5063,1288,5204044.797,10091.83752
72,49,035,112829,49035112829,1128.29,Census Tract,G5020,S,2218986,38827,40.5131745,-111.888409,3181,1175,3910520.859,9812.767001
598,49,035,112830,49035112830,1128.3,Census Tract,G5020,S,3919805,0,40.4914035,-111.8655032,5027,1742,6784600.703,14334.49666
290,49,035,112831,49035112831,1128.31,Census Tract,G5020,S,7831148,0,40.4731889,-111.8876982,3398,1214,13547249.27,22251.71915
680,49,035,112904,49035112904,1129.04,Census Tract,G5020,S,2164862,0,40.6313791,-111.9753474,6352,1965,3762633.137,7679.432792
679,49,035,112905,49035112905,1129.05,Census Tract,G5020,S,2600748,0,40.6312969,-111.9578295,5295,1688,4520217.328,8511.241229
405,49,035,112907,49035112907,1129.07,Census Tract,G5020,S,2601202,0,40.6240663,-111.9435195,4705,1515,4520037.105,10641.23031
417,49,035,112912,49035112912,1129.12,Census Tract,G5020,S,2158558,0,40.616297,-111.9753584,2648,722,3749994.695,7951.793663
418,49,035,112913,49035112913,1129.13,Census Tract,G5020,S,2612602,0,40.6167493,-111.9578031,5158,1539,4538854.445,8534.124039
419,49,035,112914,49035112914,1129.14,Census Tract,G5020,S,2560863,0,40.6237514,-111.9339934,6548,2406,4449901.57,10591.24894
154,49,035,112916,49035112916,1129.16,Census Tract,G5020,S,1844619,0,40.6024576,-111.9741708,4736,1499,3203283.199,7413.959948
558,49,035,112917,49035112917,1129.17,Census Tract,G5020,S,2523556,0,40.6045086,-111.9551472,4168,1296,4382561.84,9353.904531
155,49,035,112918,49035112918,1129.18,Census Tract,G5020,S,2608360,0,40.5949909,-111.9339546,5362,1706,4528557.426,10636.53005
704,49,035,112920,49035112920,1129.2,Census Tract,G5020,S,2550160,0,40.5928405,-111.945378,5155,2075,4427230.941,10534.65363
707,49,035,112921,49035112921,1129.21,Census Tract,G5020,S,3363779,0,40.5884583,-111.9606151,4280,1514,5838972.297,10810.54794
156,49,035,113007,49035113007,1130.07,Census Tract,G5020,S,2563872,0,40.5732513,-111.9957458,4947,1402,4448450.574,8477.566374
157,49,035,113008,49035113008,1130.08,Census Tract,G5020,S,4230641,0,40.5725581,-111.9713286,6285,1733,7340225.98,11723.03658
165,49,035,113010,49035113010,1130.1,Census Tract,G5020,S,4914677,0,40.5714703,-111.9435266,7371,2620,8526766.145,11834.21902
634,49,035,113011,49035113011,1130.11,Census Tract,G5020,S,6158844,0,40.550852,-111.9434227,6567,2091,10678825.33,14274.91672
553,49,035,113012,49035113012,1130.12,Census Tract,G5020,S,6239201,0,40.55895,-111.9207763,5837,1696,10820755.52,16790.10432
644,49,035,113013,49035113013,1130.13,Census Tract,G5020,S,5042349,0,40.5297793,-111.9761446,6130,1559,8737467.41,13381.52254
604,49,035,113014,49035113014,1130.14,Census Tract,G5020,S,3026131,0,40.5308451,-111.9484758,5273,1655,5243895.664,10670.14659
551,49,035,113016,49035113016,1130.16,Census Tract,G5020,S,7262221,0,40.5114465,-111.9753959,7420,1909,12577285.68,14247.65521
668,49,035,113017,49035113017,1130.17,Census Tract,G5020,S,3880213,0,40.5114324,-111.9482483,7279,2330,6720059.914,10610.7218
322,49,035,113021,49035113021,1130.21,Census Tract,G5020,S,1962792,0,40.5584074,-111.9840285,5887,1605,3404050.379,9056.111127
323,49,035,113022,49035113022,1130.22,Census Tract,G5020,S,2905128,228039,40.5561646,-111.9966739,7589,2303,5433248.793,9720.545878
74,49,035,113023,49035113023,1130.23,Census Tract,G5020,S,2279314,0,40.5409188,-111.9991409,6756,1908,3950940.414,9164.303299
293,49,035,113024,49035113024,1130.24,Census Tract,G5020,S,3648407,0,40.5526506,-111.9661765,5388,1488,6326314.109,14010.02228
292,49,035,113025,49035113025,1130.25,Census Tract,G5020,S,2247443,0,40.5445415,-111.9753884,5320,1949,3896113.531,7868.109429
397,49,035,113101,49035113101,1131.01,Census Tract,G5020,S,4791228,0,40.5968229,-111.993142,7013,1950,8318845.766,11937.42935
398,49,035,113102,49035113102,1131.02,Census Tract,G5020,S,2521744,0,40.5852897,-111.9838319,3766,1015,4376929.301,10122.44212
406,49,035,113105,49035113105,1131.05,Census Tract,G5020,S,147817441,128519,40.5297815,-112.130873,7886,2062,256335960.8,78859.37858
682,49,035,113108,49035113108,1131.08,Census Tract,G5020,S,1838353,0,40.5933596,-112.0133949,4035,1147,3191547.09,7655.812377
67,49,035,113109,49035113109,1131.09,Census Tract,G5020,S,2137919,0,40.5300456,-112.0022821,4823,1274,3704658.203,8604.187142
77,49,035,113110,49035113110,1131.1,Census Tract,G5020,S,1564436,0,40.4933988,-112.0122248,4399,1064,2707966.004,7931.266237
76,49,035,113111,49035113111,1131.11,Census Tract,G5020,S,1881892,0,40.5025913,-112.0154891,5210,1511,3258357.211,7428.592437
70,49,035,113112,49035113112,1131.12,Census Tract,G5020,S,2552860,0,40.5007331,-112.0341631,3726,941,4419839.828,8516.416648
73,49,035,113113,49035113113,1131.13,Census Tract,G5020,S,4930797,0,40.5137415,-112.0137245,11122,3476,8540110.043,14999.05433
75,49,035,113114,49035113114,1131.14,Census Tract,G5020,S,6593692,0,40.5261885,-112.0280212,9861,3584,11424451.86,13799.15367
412,49,035,113307,49035113307,1133.07,Census Tract,G5020,S,5013416,0,40.7152213,-111.9652965,7413,2075,8735340.32,12009.02356
413,49,035,113308,49035113308,1133.08,Census Tract,G5020,S,1646740,0,40.7002662,-111.9650239,5196,1601,2867987.465,7513.378941
715,49,035,113309,49035113309,1133.09,Census Tract,G5020,S,1867612,0,40.6881369,-111.969398,5111,1588,3251485.883,8501.284969
708,49,035,113310,49035113310,1133.1,Census Tract,G5020,S,1549588,0,40.6907901,-111.9586559,3143,1225,2698029.16,7709.804042
306,49,035,113311,49035113311,1133.11,Census Tract,G5020,S,3751867,0,40.711954,-111.9313205,4900,1658,6536591.699,12266.59965
69,49,035,113312,49035113312,1133.12,Census Tract,G5020,S,3612631,136726,40.7086978,-111.9498872,3859,1256,6531954.422,11225.6842
310,49,035,113313,49035113313,1133.13,Census Tract,G5020,S,876452,0,40.6857804,-111.9453075,3993,1838,1525785.219,5005.317362
80,49,035,113314,49035113314,1133.14,Census Tract,G5020,S,914818,0,40.6930614,-111.9456229,2821,1081,1592918.832,5145.323671
158,49,035,113406,49035113406,1134.06,Census Tract,G5020,S,1958627,0,40.7002419,-111.9914133,6787,2016,3411173.813,8515.478176
159,49,035,113408,49035113408,1134.08,Census Tract,G5020,S,2606257,0,40.6892602,-112.0534941,7119,1939,4537608.617,8518.375853
160,49,035,113409,49035113409,1134.09,Census Tract,G5020,S,2599060,0,40.6892928,-112.034356,5049,1402,4525091.797,8509.74609
161,49,035,113410,49035113410,1134.1,Census Tract,G5020,S,2602766,0,40.6893276,-111.9961592,6805,1957,4531539.594,8515.646222
162,49,035,113411,49035113411,1134.11,Census Tract,G5020,S,1300653,0,40.6893555,-111.9818424,2808,798,2264499.523,6386.950391
166,49,035,113412,49035113412,1134.12,Census Tract,G5020,S,1305184,0,40.7002004,-112.0152928,3018,773,2273126.563,6394.283336
167,49,035,113413,49035113413,1134.13,Census Tract,G5020,S,2599994,0,40.6893158,-112.0152411,5980,1761,4526704.344,8510.266573
312,49,035,113414,49035113414,1134.14,Census Tract,G5020,S,2675097,0,40.7002589,-112.0436293,6530,1789,4658995.551,10681.9271
311,49,035,113415,49035113415,1134.15,Census Tract,G5020,S,7793811,0,40.7148375,-112.0441048,5951,1659,13579702.48,15021.69371
168,49,035,113505,49035113505,1135.05,Census Tract,G5020,S,2646087,0,40.6746691,-111.99613,6558,2044,4604954.277,8557.802991
169,49,035,113509,49035113509,1135.09,Census Tract,G5020,S,2152720,0,40.691196,-111.9308442,7826,2541,3748189.563,8626.321477
180,49,035,113510,49035113510,1135.1,Census Tract,G5020,S,1855442,0,40.6747546,-111.9456877,3357,1116,3229012.609,7254.241543
181,49,035,113511,49035113511,1135.11,Census Tract,G5020,S,1543811,0,40.6754034,-111.9332029,3900,1277,2686735.137,7324.973306
635,49,035,113512,49035113512,1135.12,Census Tract,G5020,S,1869865,0,40.6791154,-111.9206551,3417,1847,3254538.301,8170.384757
636,49,035,113513,49035113513,1135.13,Census Tract,G5020,S,2805825,0,40.6567999,-111.9454463,6186,2185,4880347.484,9310.653462
637,49,035,113514,49035113514,1135.14,Census Tract,G5020,S,1844737,0,40.6686825,-111.9212547,6757,2641,3209800.719,8793.108219
638,49,035,113515,49035113515,1135.15,Census Tract,G5020,S,3605944,0,40.6553419,-111.9284724,6168,2335,6271782.465,13919.31657
645,49,035,113520,49035113520,1135.2,Census Tract,G5020,S,2049527,0,40.6749687,-111.9599663,4101,1454,3566799.672,7689.40163
656,49,035,113521,49035113521,1135.21,Census Tract,G5020,S,2648229,0,40.6603113,-111.9771529,6493,1996,4606714.359,8574.318568
660,49,035,113522,49035113522,1135.22,Census Tract,G5020,S,1996943,0,40.6603427,-111.9601007,3281,1070,3473780.48,7525.263718
661,49,035,113523,49035113523,1135.23,Census Tract,G5020,S,2638156,0,40.6458597,-111.9770328,6102,2031,4587214.41,8562.902613
687,49,035,113526,49035113526,1135.26,Census Tract,G5020,S,5856222,0,40.6464379,-112.0464071,5793,1524,10182955.29,14771.60685
688,49,035,113527,49035113527,1135.27,Census Tract,G5020,S,1220804,0,40.6350064,-112.0156992,4241,1231,2122046.168,6272.272402
399,49,035,113528,49035113528,1135.28,Census Tract,G5020,S,1229984,0,40.6275788,-112.0156134,4976,1420,2137528.922,6247.348604
400,49,035,113532,49035113532,1135.32,Census Tract,G5020,S,1295623,0,40.6458398,-111.9626016,3259,1027,2252826.141,6379.26498
401,49,035,113533,49035113533,1135.33,Census Tract,G5020,S,2964429,0,40.6416462,-111.9414716,4918,1587,5153893.508,13508.12391
103,49,035,113536,49035113536,1135.36,Census Tract,G5020,S,1304332,0,40.6748253,-111.9818115,4201,1241,2269927.051,6395.497891
709,49,035,113537,49035113537,1135.37,Census Tract,G5020,S,1303504,0,40.6748425,-111.9722614,3699,1071,2268485.75,6394.672701
105,49,035,113538,49035113538,1135.38,Census Tract,G5020,S,985335,0,40.6783773,-112.0126501,3105,844,1714962.035,5422.212018
711,49,035,113539,49035113539,1135.39,Census Tract,G5020,S,1610302,0,40.6726237,-112.0167077,4883,1296,2802215.926,8556.228297
65,49,035,113540,49035113540,1135.4,Census Tract,G5020,S,2509275,0,40.6291767,-112.036435,5367,1426,4360961.258,10382.16717
81,49,035,113541,49035113541,1135.41,Census Tract,G5020,S,1600198,0,40.6352554,-112.0447564,2545,615,2781545.742,7914.275466
596,49,035,113542,49035113542,1135.42,Census Tract,G5020,S,4044888,0,40.6165536,-112.0393045,4018,1047,7027116.922,10911.71649
595,49,035,113543,49035113543,1135.43,Census Tract,G5020,S,2609128,0,40.6167525,-112.0148907,4478,1164,4532824.801,8499.683877
291,49,035,113544,49035113544,1135.44,Census Tract,G5020,S,1880610,0,40.678141,-112.0362655,4050,1043,3273142.035,10563.61126
594,49,035,113545,49035113545,1135.45,Census Tract,G5020,S,15257230,0,40.6670239,-112.0590181,3791,916,26545935.86,20953.2101
414,49,035,113600,49035113600,1136,Census Tract,G5020,S,1939278,0,40.6600441,-111.9940056,5498,1647,3373428.824,7481.51984
104,49,035,113701,49035113701,1137.01,Census Tract,G5020,S,1230944,0,40.6438974,-111.9926157,4160,1211,2140239.934,8082.678466
407,49,035,113702,49035113702,1137.02,Census Tract,G5020,S,865977,0,40.6477567,-111.9974286,2619,820,1505845.707,5609.574642
415,49,035,113801,49035113801,1138.01,Census Tract,G5020,S,1595688,0,40.6583605,-112.0175041,5939,1531,2775615.141,7586.281098
416,49,035,113802,49035113802,1138.02,Census Tract,G5020,S,1606836,0,40.6621052,-112.0083154,4371,1365,2795316.469,7987.625583
368,49,035,113804,49035113804,1138.04,Census Tract,G5020,S,1241563,0,40.6457575,-112.0200325,4809,1238,2158818.82,6435.482648
338,49,035,113805,49035113805,1138.05,Census Tract,G5020,S,1759284,0,40.645972,-112.0089169,4178,1189,3059046.488,7132.351832
600,49,035,113903,49035113903,1139.03,Census Tract,G5020,S,3956117,0,40.7110645,-112.0773876,5403,1560,6892251.949,10728.72455
420,49,035,113904,49035113904,1139.04,Census Tract,G5020,S,1948532,0,40.7000989,-112.0774311,6039,1815,3393572.984,8516.531336
150,49,035,113905,49035113905,1139.05,Census Tract,G5020,S,3907743,0,40.6892405,-112.0774417,7667,2088,6803553.426,10655.34705
26,49,035,113906,49035113906,1139.06,Census Tract,G5020,S,161029170,163199884,40.8113279,-112.084936,4888,1807,566442357,128924.9198
319,49,035,113908,49035113908,1139.08,Census Tract,G5020,S,1844624,0,40.6978787,-112.0993578,5272,1559,3212397.105,7518.116715
325,49,035,113909,49035113909,1139.09,Census Tract,G5020,S,142041718,43751,40.670634,-112.1558372,4119,1057,247094848.6,69678.38301
107,49,035,114000,49035114000,1140,Census Tract,G5020,S,3153173,0,40.757595,-111.8974571,4344,2929,5501013.938,11694.50469
110,49,035,114100,49035114100,1141,Census Tract,G5020,S,2403137,0,40.7223076,-111.8500682,3582,1820,4188090.945,11389.41181
411,49,035,114200,49035114200,1142,Census Tract,G5020,S,5001638,0,40.6019807,-111.9232809,5161,1936,8685507.434,17574.41257
315,49,035,114301,49035114301,1143.01,Census Tract,G5020,S,1052118,0,40.6310656,-111.9863209,5511,2034,1828610.445,8040.295803
336,49,035,114302,49035114302,1143.02,Census Tract,G5020,S,1178513,0,40.6180772,-112.003791,2833,981,2047509.172,11262.89605
66,49,035,114303,49035114303,1143.03,Census Tract,G5020,S,6819278,0,40.5956009,-112.0454676,10724,2996,11839659.61,14564.87194
369,49,035,114304,49035114304,1143.04,Census Tract,G5020,S,2890975,0,40.6031351,-112.0194816,5801,1883,5020441.137,9952.604076
367,49,035,114500,49035114500,1145,Census Tract,G5020,S,42908499,19163,40.7348775,-111.980084,7487,2237,74850223.76,38705.65541
308,49,035,114601,49035114601,1146.01,Census Tract,G5020,S,2961210,0,40.5309669,-111.9294184,5315,1627,5131418.207,10085.07023
68,49,035,114602,49035114602,1146.02,Census Tract,G5020,S,4756396,0,40.5112671,-111.9271737,2083,676,8237461.895,12460.92545
402,49,035,114700,49035114700,1147,Census Tract,G5020,S,12352866,4663,40.812871,-111.9437678,4620,1498,21597290.47,28835.09536
683,49,035,114800,49035114800,1148,Census Tract,G5020,S,25746339,0,40.802867,-111.8234112,3654,1350,44977902.3,46371.65226
289,49,035,115107,49035115107,1151.07,Census Tract,G5020,S,18882844,0,40.4704655,-112.0594616,6431,1548,32663188.08,31966.41822
597,49,035,115108,49035115108,1151.08,Census Tract,G5020,S,17074433,0,40.4705084,-112.0031479,8083,2205,29535046.84,24118.68562
599,49,035,115109,49035115109,1151.09,Census Tract,G5020,S,35498066,0,40.448922,-111.9766795,7272,2583,61364836.75,53957.9772
320,49,035,115210,49035115210,1152.1,Census Tract,G5020,S,7723519,0,40.5592914,-112.0171672,8274,2867,13395165.17,17055.97041
321,49,035,115211,49035115211,1152.11,Census Tract,G5020,S,18444947,0,40.5626167,-112.0407369,7033,2196,31992863.33,30346.30519
174,49,011,125102,49011125102,1251.02,Census Tract,G5020,S,43043582,41281,41.073798,-111.8736664,4290,1370,75869677.39,45153.40283
280,49,011,125103,49011125103,1251.03,Census Tract,G5020,S,13342073,54197,41.1248492,-111.9428634,7390,2406,23632464.51,38076.41278
176,49,011,125104,49011125104,1251.04,Census Tract,G5020,S,21373287,80535,41.1243401,-111.8669286,6064,1808,37840754.43,31998.13879
384,49,011,125201,49011125201,1252.01,Census Tract,G5020,S,1698132,9401,41.1106555,-112.003154,3548,1085,3010730.023,9091.661557
281,49,011,125301,49011125301,1253.01,Census Tract,G5020,S,2752976,7032,41.1389159,-112.0301041,5386,1879,4870644.5,10759.9497
284,49,011,125304,49011125304,1253.04,Census Tract,G5020,S,3353547,0,41.1462034,-112.0503777,5606,1697,5919334.137,9984.117379
277,49,011,125305,49011125305,1253.05,Census Tract,G5020,S,3904639,0,41.1325888,-112.0500535,6449,2013,6889227.594,10711.96025
391,49,011,125306,49011125306,1253.06,Census Tract,G5020,S,2186592,729,41.1450663,-112.0741865,4335,1257,3860803.848,7910.444516
390,49,011,125307,49011125307,1253.07,Census Tract,G5020,S,12629315,20926,41.1369107,-112.1030532,8734,2458,22323237.14,22198.21935
392,49,011,125407,49011125407,1254.07,Census Tract,G5020,S,10047848,0,41.1100419,-112.0805381,8219,2288,17716014.11,17584.38659
381,49,011,125408,49011125408,1254.08,Census Tract,G5020,S,28892094,98086697,41.1344047,-112.1791968,6670,1772,223918952.6,92036.65145
393,49,011,125409,49011125409,1254.09,Census Tract,G5020,S,2607917,0,41.0845116,-112.0592021,5271,1423,4594645.434,10870.11688
395,49,011,125410,49011125410,1254.1,Census Tract,G5020,S,2169709,0,41.0748643,-112.0565717,4223,1118,3821494.441,10438.24497
380,49,011,125411,49011125411,1254.11,Census Tract,G5020,S,187211708,720765178,40.9581019,-112.2134044,6523,1921,1594160781,165547.9103
396,49,011,125412,49011125412,1254.12,Census Tract,G5020,S,1284865,0,41.0819375,-112.0309448,2918,800,2263508.477,6398.388491
385,49,011,125413,49011125413,1254.13,Census Tract,G5020,S,3829138,0,41.0724679,-112.037294,6232,1615,6743749.02,12531.99652
153,49,011,125414,49011125414,1254.14,Census Tract,G5020,S,1772854,0,41.0817256,-112.0135711,5271,1351,3123157.152,7320.745966
383,49,011,125415,49011125415,1254.15,Census Tract,G5020,S,3423617,3448,41.0711011,-112.0214594,5093,1358,6035359.648,13454.97461
33,49,011,125501,49011125501,1255.01,Census Tract,G5020,S,3897928,1318,41.1170978,-112.055373,6741,2075,6875936.945,10700.92318
34,49,011,125502,49011125502,1255.02,Census Tract,G5020,S,3299142,10741,41.1159395,-112.0337929,5555,1799,5836933.156,11003.25369
35,49,011,125503,49011125503,1255.03,Census Tract,G5020,S,2602631,0,41.096391,-112.0549463,5657,1543,4586980.57,8568.914458
39,49,011,125600,49011125600,1256,Census Tract,G5020,S,4025660,33921,41.0974082,-112.034103,239,89,7154912.25,11217.08554
673,49,011,125701,49011125701,1257.01,Census Tract,G5020,S,3258708,9463,41.0957619,-112.0112093,4972,2004,5760289.59,11439.41769
674,49,011,125702,49011125702,1257.02,Census Tract,G5020,S,2092290,12413,41.112387,-112.0167865,3943,1455,3711186.652,9743.910755
40,49,011,125801,49011125801,1258.01,Census Tract,G5020,S,3377988,18304,41.0821093,-111.9966128,7086,2697,5983113.645,11875.98749
41,49,011,125804,49011125804,1258.04,Census Tract,G5020,S,6255092,95333,41.09798,-111.9349108,6480,1952,11192416.07,15782.4822
178,49,011,125805,49011125805,1258.05,Census Tract,G5020,S,3353333,5165,41.0810691,-111.9713025,6377,2190,5916670.324,10453.87209
676,49,011,125807,49011125807,1258.07,Census Tract,G5020,S,1841062,633,41.0956624,-111.9623325,3675,1370,3245872.184,7341.327541
387,49,011,125809,49011125809,1258.09,Census Tract,G5020,S,1824281,19779,41.0998942,-111.9826798,4513,2231,3250334.27,8929.258491
388,49,011,125810,49011125810,1258.1,Census Tract,G5020,S,1393219,1741,41.0937088,-111.9909529,2875,1283,2458376.926,8839.881858
44,49,011,125905,49011125905,1259.05,Census Tract,G5020,S,4628455,88820,41.071999,-111.9233153,6701,2475,8307439.129,15411.40452
45,49,011,125906,49011125906,1259.06,Census Tract,G5020,S,5462485,102539,41.0580119,-111.9383884,7987,2554,9797188.746,16209.29579
681,49,011,125907,49011125907,1259.07,Census Tract,G5020,S,2821988,17283,41.0843097,-111.9431112,2596,834,5002170.566,13718.55988
672,49,011,125908,49011125908,1259.08,Census Tract,G5020,S,3215122,0,41.0827824,-111.9272124,5201,1670,5664126.422,14765.45369
678,49,011,126001,49011126001,1260.01,Census Tract,G5020,S,4476742,3867,41.067973,-111.9725951,5835,2156,7889088.82,15686.01068
675,49,011,126002,49011126002,1260.02,Census Tract,G5020,S,9187504,11501,41.0593643,-111.9930684,7994,2199,16193448.84,17565.09204
282,49,011,126101,49011126101,1261.01,Census Tract,G5020,S,6110573,60844,41.0490821,-111.924757,6670,2232,10860490.2,15558.79276
29,49,011,126105,49011126105,1261.05,Census Tract,G5020,S,3556456,76982,41.0169798,-111.9307349,6436,1725,6388332.781,11195.23635
389,49,011,126106,49011126106,1261.06,Census Tract,G5020,S,5465861,2422,41.0266687,-111.9505584,4590,1063,9616449.422,19207.69867
376,49,011,126107,49011126107,1261.07,Census Tract,G5020,S,2889142,0,41.0415722,-111.9811905,3889,995,5083514.977,11710.02865
379,49,011,126108,49011126108,1261.08,Census Tract,G5020,S,19795018,23044,41.0154221,-111.9724899,6625,1516,34843343.87,26440.16765
30,49,011,126203,49011126203,1262.03,Census Tract,G5020,S,4525357,19310,41.0039456,-111.8997821,4517,1348,7987299.875,13881.15535
279,49,011,126204,49011126204,1262.04,Census Tract,G5020,S,59824943,49280,40.9858167,-111.8435325,5304,1688,105199414.4,52996.03684
386,49,011,126205,49011126205,1262.05,Census Tract,G5020,S,5581484,15702,40.9949655,-111.9213404,6615,2232,9835140.066,18505.3678
377,49,011,126206,49011126206,1262.06,Census Tract,G5020,S,23755427,48358640,40.9284406,-111.9678556,7040,1800,126561057,53570.40266
177,49,011,126303,49011126303,1263.03,Census Tract,G5020,S,16835928,7693,40.9476508,-111.8629736,4723,1359,29555362.63,26918.47679
31,49,011,126304,49011126304,1263.04,Census Tract,G5020,S,13521633,470763,40.9327483,-111.9017149,6955,2255,24540813.21,28858.74683
175,49,011,126305,49011126305,1263.05,Census Tract,G5020,S,15113395,8339,40.9287357,-111.8541038,2556,777,26517112.28,28361.33651
32,49,011,126306,49011126306,1263.06,Census Tract,G5020,S,3920044,0,40.917751,-111.8817843,7585,2885,6871758.715,10668.40467
278,49,011,126402,49011126402,1264.02,Census Tract,G5020,S,67632465,19196,40.8698533,-111.7919085,3606,1096,118450163.3,58958.17598
179,49,011,126404,49011126404,1264.04,Census Tract,G5020,S,13497127,8233,40.8319287,-111.87646,8413,2845,23615029.56,25852.44134
670,49,011,126405,49011126405,1264.05,Census Tract,G5020,S,2514449,2123,40.8461786,-111.883089,3779,1150,4402149.156,11739.60647
669,49,011,126406,49011126406,1264.06,Census Tract,G5020,S,2070310,3200,40.8496259,-111.8972959,4770,1675,3627385.348,9414.470142
170,49,011,126500,49011126500,1265,Census Tract,G5020,S,3776988,10898,40.8948523,-111.8619051,6551,2031,6635418.289,12748.72528
171,49,011,126600,49011126600,1266,Census Tract,G5020,S,2447881,0,40.8999263,-111.8826698,5502,2107,4288791.223,8568.664347
172,49,011,126700,49011126700,1267,Census Tract,G5020,S,2143828,0,40.8890348,-111.8844449,4218,1803,3754849.488,8122.188969
173,49,011,126801,49011126801,1268.01,Census Tract,G5020,S,2637051,20437,40.8781951,-111.8611951,3534,1079,4652832.586,9846.948766
182,49,011,126802,49011126802,1268.02,Census Tract,G5020,S,2950458,5466,40.8646374,-111.8640926,5052,1629,5173297.824,10135.51547
183,49,011,126901,49011126901,1269.01,Census Tract,G5020,S,3509508,0,40.8759735,-111.8861761,6123,2515,6144398.961,12535.9858
184,49,011,126902,49011126902,1269.02,Census Tract,G5020,S,3301150,4163,40.8622969,-111.8836814,7142,2541,5784596.168,10053.90553
164,49,011,127002,49011127002,1270.02,Census Tract,G5020,S,13559460,164837,40.843794,-111.9294107,8272,2788,24004893.59,23337.13149
276,49,011,127003,49011127003,1270.03,Census Tract,G5020,S,24820196,1700920,40.8868754,-111.9377429,8446,2584,46447957.23,40047.42586
382,49,011,127005,49011127005,1270.05,Census Tract,G5020,S,3813929,1858,40.8736318,-111.9197301,3899,1119,6680008.684,10642.31508
394,49,011,127006,49011127006,1270.06,Census Tract,G5020,S,3012260,0,40.8734531,-111.9046217,4130,1316,5273423.531,9616.473775
677,49,011,127100,49011127100,1271,Census Tract,G5020,S,5998938,25717,41.0282922,-111.924607,8538,2789,10596702.77,16200.62801
543,49,025,130100,49025130100,1301,Census Tract,G5020,S,9654691889,305948983,37.2750892,-111.815329,2392,3456,15768335186,783408.2467
542,49,025,130200,49025130200,1302,Census Tract,G5020,S,679220696,220221,37.1080877,-112.5304693,5275,2548,1070311729,187933.6535
60,49,045,130600,49045130600,1306,Census Tract,G5020,S,14822628507,158583552,40.5016499,-113.5949635,1717,895,25894843734,697427.9133
22,49,045,130701,49045130701,1307.01,Census Tract,G5020,S,182355410,0,40.6017019,-112.2335924,5109,1404,316664353,90286.15177
193,49,045,130704,49045130704,1307.04,Census Tract,G5020,S,3508397,469925,40.6436895,-112.305694,6070,1677,6916252.18,14938.22096
196,49,045,130705,49045130705,1307.05,Census Tract,G5020,S,17026462,20843,40.6165254,-112.3309459,5812,1544,29617083.49,25192.07715
194,49,045,130706,49045130706,1307.06,Census Tract,G5020,S,51565361,0,40.5823762,-112.3488276,6774,1957,89492821.95,48043.03798
187,49,045,130707,49045130707,1307.07,Census Tract,G5020,S,1973227614,2426303,40.2093656,-112.3750296,3909,1321,3391913656,302196.3629
188,49,045,130708,49045130708,1307.08,Census Tract,G5020,S,554598643,29432285,40.5843231,-112.4984336,7224,2034,1013537412,231380.9581
62,49,045,130800,49045130800,1308,Census Tract,G5020,S,26224243,230014,40.5902918,-112.4602683,6988,2290,45923938.6,38869.72431
61,49,045,130900,49045130900,1309,Census Tract,G5020,S,4084772,0,40.5435848,-112.3086307,5579,1973,7081058.609,12798.06126
23,49,045,131001,49045131001,1310.01,Census Tract,G5020,S,3030566,0,40.5582224,-112.2855029,2898,831,5255836.297,9075.389434
190,49,045,131003,49045131003,1310.03,Census Tract,G5020,S,2250055,0,40.5356478,-112.2863814,3800,1396,3899616.785,8210.977865
192,49,045,131004,49045131004,1310.04,Census Tract,G5020,S,955350,0,40.5459655,-112.2789489,2465,685,1656239.305,5305.675116
195,49,045,131005,49045131005,1310.05,Census Tract,G5020,S,1452060,0,40.5457948,-112.2909406,2198,720,2517352.629,6355.297052
191,49,045,131101,49045131101,1311.01,Census Tract,G5020,S,5065251,0,40.5202129,-112.3245497,4606,1444,8774674.277,12439.58967
189,49,045,131102,49045131102,1311.02,Census Tract,G5020,S,2807475,0,40.5246248,-112.307129,3986,1530,4864100.844,9563.27382
59,49,045,131200,49045131200,1312,Census Tract,G5020,S,3255229,0,40.5232166,-112.2901017,3563,1301,5639629.535,15004.28622
238,49,057,200100,49057200100,2001,Census Tract,G5020,S,2490914,0,41.2616847,-111.9491694,4586,1636,4412126.973,10476.72988
242,49,057,200202,49057200202,2002.02,Census Tract,G5020,S,2036054,0,41.2594702,-111.9636386,3978,1623,3606202.367,8187.095456
108,49,057,200203,49057200203,2002.03,Census Tract,G5020,S,2052245,0,41.2731319,-111.9580443,5420,1816,3636380.875,11329.78719
109,49,057,200204,49057200204,2002.04,Census Tract,G5020,S,2774389,0,41.2836298,-111.9564126,5209,1761,4917521.457,10362.92654
579,49,057,200301,49057200301,2003.01,Census Tract,G5020,S,2666945,0,41.2585423,-111.9791636,4805,1783,4723476.762,9321.315752
565,49,057,200302,49057200302,2003.02,Census Tract,G5020,S,7883151,0,41.2619563,-111.9978928,3519,1239,13963448.57,18270.09514
245,49,057,200400,49057200400,2004,Census Tract,G5020,S,2379840,0,41.2401363,-111.9796208,1829,701,4212622.738,9542.281698
623,49,057,200500,49057200500,2005,Census Tract,G5020,S,3159443,0,41.2423754,-111.9579413,6255,2661,5593009,13610.08143
241,49,057,200600,49057200600,2006,Census Tract,G5020,S,2868858,0,41.2466833,-111.9405548,4488,1742,5079256.438,11482.42206
246,49,057,200700,49057200700,2007,Census Tract,G5020,S,2829947,0,41.2303022,-111.9375107,3270,1436,5007888.293,9249.334491
247,49,057,200800,49057200800,2008,Census Tract,G5020,S,1807488,0,41.2270747,-111.9534311,4531,1890,3198223.734,7921.5822
248,49,057,200900,49057200900,2009,Census Tract,G5020,S,1592207,0,41.2279423,-111.9636935,4200,2108,2817373.711,8275.833056
625,49,057,201100,49057201100,2011,Census Tract,G5020,S,3872842,0,41.2224613,-111.979974,2525,1636,6851752.262,15817.38885
249,49,057,201200,49057201200,2012,Census Tract,G5020,S,1190093,0,41.2122298,-111.9755314,2378,892,2104831.809,6106.984307
113,49,057,201301,49057201301,2013.01,Census Tract,G5020,S,759130,0,41.2162978,-111.9580371,2744,1172,1342786.551,5565.467186
666,49,057,201302,49057201302,2013.02,Census Tract,G5020,S,1077621,0,41.2109491,-111.9566064,3468,1269,1905836.066,6479.544975
250,49,057,201400,49057201400,2014,Census Tract,G5020,S,1773862,0,41.2169492,-111.9400644,3213,1273,3137751.949,7740.454145
243,49,057,201500,49057201500,2015,Census Tract,G5020,S,5441323,8202,41.196536,-111.9393391,4261,1615,9633679.922,15288.88578
251,49,057,201600,49057201600,2016,Census Tract,G5020,S,1589351,0,41.1966395,-111.9533047,4156,1657,2809654.227,8473.169856
252,49,057,201700,49057201700,2017,Census Tract,G5020,S,1244106,0,41.2036941,-111.9626222,3460,1134,2199794.129,6020.521612
253,49,057,201800,49057201800,2018,Census Tract,G5020,S,1635177,0,41.2029417,-111.9765524,2421,765,2891212.828,6901.05546
239,49,057,201900,49057201900,2019,Census Tract,G5020,S,10537210,0,41.2080711,-112.0077362,1284,433,18634089.21,20477.52046
624,49,057,202000,49057202000,2020,Census Tract,G5020,S,5060880,24184,41.1722803,-111.941248,5560,2005,8982777.426,15177.05176
567,49,057,210101,49057210101,2101.01,Census Tract,G5020,S,258178301,10168584,41.3055794,-111.8804506,3965,1831,475774119.5,127555.111
564,49,057,210102,49057210102,2101.02,Census Tract,G5020,S,646650264,615911,41.3162228,-111.6383232,4301,3005,1148404638,194142.9867
254,49,057,210201,49057210201,2102.01,Census Tract,G5020,S,2888252,2346,41.3182641,-111.9529809,4532,1413,5128951.621,10656.12515
112,49,057,210203,49057210203,2102.03,Census Tract,G5020,S,2247003,0,41.308669,-111.9601975,3235,1048,3985980.672,11407.69334
641,49,057,210204,49057210204,2102.04,Census Tract,G5020,S,4551458,0,41.2980028,-111.9542177,4994,1681,8070853.762,12001.2599
642,49,057,210303,49057210303,2103.03,Census Tract,G5020,S,19222308,3012,41.3395345,-111.9882428,8164,2484,34132569.65,26379.58781
643,49,057,210304,49057210304,2103.04,Census Tract,G5020,S,9620262,0,41.3155645,-112.0035338,5762,1838,17068210.2,21061.48754
569,49,057,210305,49057210305,2103.05,Census Tract,G5020,S,3597870,0,41.2992816,-111.9888553,5785,2057,6380149.465,14709.98834
566,49,057,210306,49057210306,2103.06,Census Tract,G5020,S,6367645,0,41.2815848,-111.9815611,4824,1589,11285754.6,14261.69569
667,49,057,210404,49057210404,2104.04,Census Tract,G5020,S,26362038,685790,41.2646663,-112.0721856,2363,800,47907110.16,36301.28763
572,49,057,210405,49057210405,2104.05,Census Tract,G5020,S,12548676,0,41.2711246,-112.012144,3290,854,22233706.86,31914.75307
570,49,057,210406,49057210406,2104.06,Census Tract,G5020,S,8288599,0,41.3139292,-112.0375142,5349,1520,14704847.59,19470.51188
571,49,057,210407,49057210407,2104.07,Census Tract,G5020,S,20796559,160420,41.2998781,-112.0571159,6511,2128,37164709.8,32556.418
574,49,057,210408,49057210408,2104.08,Census Tract,G5020,S,236851743,201925135,41.2389797,-112.3061695,3571,1140,776216363.9,143308.9236
115,49,057,210508,49057210508,2105.08,Census Tract,G5020,S,1306374,0,41.1688904,-112.0596066,2411,709,2307459.809,6436.083596
114,49,057,210509,49057210509,2105.09,Census Tract,G5020,S,2298499,0,41.1696818,-112.0737799,4575,1510,4059961.48,8344.654109
116,49,057,210510,49057210510,2105.1,Census Tract,G5020,S,1901074,2826,41.1576886,-112.0744176,3626,1094,3361771.09,7341.063275
665,49,057,210511,49057210511,2105.11,Census Tract,G5020,S,3915528,0,41.1915833,-111.9931946,4202,1511,6920779.75,15331.36592
427,49,057,210512,49057210512,2105.12,Census Tract,G5020,S,9421498,0,41.1688696,-112.0041809,5165,2131,16641269.35,27121.86926
573,49,057,210513,49057210513,2105.13,Census Tract,G5020,S,3082084,0,41.189235,-112.0443123,6533,2341,5447263.816,13709.72794
575,49,057,210514,49057210514,2105.14,Census Tract,G5020,S,4901089,0,41.1868266,-112.0659504,6022,2112,8661541.398,13677.86855
576,49,057,210515,49057210515,2105.15,Census Tract,G5020,S,6857373,86,41.1729019,-112.0933052,4964,1385,12113422.61,15826.86771
578,49,057,210516,49057210516,2105.16,Census Tract,G5020,S,31615930,1969851,41.1737769,-112.14023,6014,1793,59332610.91,37360.31832
577,49,057,210517,49057210517,2105.17,Census Tract,G5020,S,14363515,0,41.2063052,-112.0756243,4639,1337,25399188.79,21476.49946
568,49,057,210518,49057210518,2105.18,Census Tract,G5020,S,30540033,814310,41.2283323,-112.0665175,7352,2522,55481452.91,49152.03322
128,49,057,210600,49057210600,2106,Census Tract,G5020,S,4123519,0,41.1849285,-112.0312764,6958,2645,7286944.152,12284.82122
129,49,057,210701,49057210701,2107.01,Census Tract,G5020,S,3001317,0,41.1692044,-112.0322992,6063,2214,5301296.051,9960.337237
130,49,057,210703,49057210703,2107.03,Census Tract,G5020,S,1544982,0,41.1684391,-112.0489915,2606,840,2728873.965,7012.164365
48,49,057,210704,49057210704,2107.04,Census Tract,G5020,S,3638745,0,41.1571483,-112.0427927,6142,2092,6424870.961,12278.27552
49,49,057,210800,49057210800,2108,Census Tract,G5020,S,1585960,0,41.1933983,-111.9697813,3168,1208,2803375.922,8643.753713
50,49,057,210900,49057210900,2109,Census Tract,G5020,S,4514100,0,41.1749563,-111.9586806,6776,2469,7974772.195,14888.7991
619,49,057,211000,49057211000,2110,Census Tract,G5020,S,1424120,0,41.1813423,-111.9780332,3314,1132,2516381.613,7766.203573
620,49,057,211100,49057211100,2111,Census Tract,G5020,S,4319446,8692,41.1641364,-111.9796548,5713,2199,7643826.242,15511.23914
244,49,057,211201,49057211201,2112.01,Census Tract,G5020,S,23275491,2014,41.1577778,-111.8871365,4922,1939,41100050.49,35070.33951
240,49,057,211202,49057211202,2112.02,Census Tract,G5020,S,8012197,52115,41.1501671,-111.9469493,6852,2796,14236081.18,20351.77595
294,49,053,270101,49053270101,2701.01,Census Tract,G5020,S,693049405,963696,37.364583,-113.3099427,4693,2002,1100518443,214528.1225
296,49,053,270102,49053270102,2701.02,Census Tract,G5020,S,1530753210,1127163,37.2598344,-113.0345176,3483,1660,2420751917,239663.6279
522,49,053,270200,49053270200,2702,Census Tract,G5020,S,1397878318,1992706,37.4620727,-113.6760178,3549,1760,2226505069,282724.8744
42,49,053,270301,49053270301,2703.01,Census Tract,G5020,S,196609139,0,37.2314171,-113.5805257,6557,2754,310705237.4,100886.9105
297,49,053,270302,49053270302,2703.02,Census Tract,G5020,S,1548874210,1142600,37.2020618,-113.8875061,3231,1575,2448536741,311518.0289
592,49,053,270401,49053270401,2704.01,Census Tract,G5020,S,19362454,127467,37.1612189,-113.6896152,7008,3010,30743750.29,32900.53416
580,49,053,270402,49053270402,2704.02,Census Tract,G5020,S,120396451,0,37.2332878,-113.6933999,2725,1402,190273797.4,71823.95647
587,49,053,270501,49053270501,2705.01,Census Tract,G5020,S,19029960,0,37.1226614,-113.6823113,2694,914,29987606.05,40227.26426
586,49,053,270502,49053270502,2705.02,Census Tract,G5020,S,10602681,15103,37.1527533,-113.6526472,5149,1851,16743844.06,22875.80604
301,49,053,270601,49053270601,2706.01,Census Tract,G5020,S,4325660,0,37.1106684,-113.6173067,7255,3362,6814277.395,14640.91127
589,49,053,270602,49053270602,2706.02,Census Tract,G5020,S,10929715,6866,37.0943195,-113.635002,1671,1694,17222267.25,23886.85972
299,49,053,270701,49053270701,2707.01,Census Tract,G5020,S,2556061,0,37.1296252,-113.6144424,5764,2180,4028595.727,9296.952934
298,49,053,270702,49053270702,2707.02,Census Tract,G5020,S,14613011,0,37.1563958,-113.6235181,5422,2896,23047704.44,29233.5823
527,49,053,270802,49053270802,2708.02,Census Tract,G5020,S,87814791,0,37.1895767,-113.490745,7387,3557,138622608.9,62817.73301
581,49,053,270803,49053270803,2708.03,Census Tract,G5020,S,58457018,30820,37.0807422,-113.4625079,5594,1749,92013753.95,57311.59624
302,49,053,270804,49053270804,2708.04,Census Tract,G5020,S,7653883,0,37.095429,-113.5115012,5760,1574,12052470.61,17374.35736
593,49,053,270805,49053270805,2708.05,Census Tract,G5020,S,7079948,0,37.1358176,-113.4917621,6380,2862,11160500.65,16902.2394
588,49,053,270806,49053270806,2708.06,Census Tract,G5020,S,12242747,0,37.1417008,-113.461733,1983,1450,19301877.49,28414.86492
526,49,053,270901,49053270901,2709.01,Census Tract,G5020,S,97569172,82768,37.1083338,-113.2942218,4085,1425,153815288.5,81474.81192
583,49,053,270903,49053270903,2709.03,Census Tract,G5020,S,9488827,0,37.1887735,-113.3029825,3976,1339,14978540.05,19863.54581
585,49,053,270904,49053270904,2709.04,Census Tract,G5020,S,22527233,1505556,37.1656891,-113.4258071,5581,2706,37927328.93,43878.14402
584,49,053,270905,49053270905,2709.05,Census Tract,G5020,S,216458395,786926,37.0576151,-113.3988379,6501,2476,342002211.7,95268.3038
523,49,053,271000,49053271000,2710,Census Tract,G5020,S,49377431,0,37.2280076,-113.2428962,4593,1669,78024887.69,50904.53742
295,49,053,271101,49053271101,2711.01,Census Tract,G5020,S,5553070,0,37.1146675,-113.5208664,6034,2352,8748751.281,16375.67226
590,49,053,271102,49053271102,2711.02,Census Tract,G5020,S,2900687,0,37.1120454,-113.5387149,5901,2269,4569659.93,9498.372042
524,49,053,271200,49053271200,2712,Census Tract,G5020,S,5402896,0,37.1111438,-113.5496953,3845,1625,8511367.242,19460.25921
521,49,053,271300,49053271300,2713,Census Tract,G5020,S,1767944,0,37.100628,-113.5697221,4380,1404,2784339.07,7286.717599
520,49,053,271400,49053271400,2714,Census Tract,G5020,S,2305525,0,37.0975726,-113.5825795,3847,1848,3630684.086,9033.676542
582,49,053,271501,49053271501,2715.01,Census Tract,G5020,S,8864784,0,37.0972527,-113.5991468,4751,1968,13959933.62,17206.49451
300,49,053,271502,49053271502,2715.02,Census Tract,G5020,S,13929361,0,37.0704622,-113.6209341,2927,1440,21920069.31,25517.38113
525,49,053,271600,49053271600,2716,Census Tract,G5020,S,14964527,0,37.0450879,-113.6146931,7244,3512,23533455.6,27042.84587
528,49,053,271702,49053271702,2717.02,Census Tract,G5020,S,73247173,0,37.028659,-113.5446505,15965,4764,115140271.7,52848.86593
43,49,053,271703,49053271703,2717.03,Census Tract,G5020,S,10847639,0,37.0763063,-113.533539,7249,2570,17073094.46,22411.58124
591,49,053,271704,49053271704,2717.04,Census Tract,G5020,S,4642605,0,37.0743642,-113.5672386,3405,1228,7306624.008,11942.05169
519,49,053,271800,49053271800,2718,Census Tract,G5020,S,4961108,0,37.0876669,-113.562385,3690,1683,7810600.777,17658.80549
518,49,047,940201,49047940201,9402.01,Census Tract,G5020,S,7470717014,30992607,39.8969114,-109.5547738,5552,2180,12762846895,670926.3371
163,49,013,940300,49013940300,9403,Census Tract,G5020,S,6263968440,32835386,40.2557216,-110.5393585,3994,2817,10836080008,644633.4496
287,49,013,940501,49013940501,9405.01,Census Tract,G5020,S,4179252,0,40.3022056,-109.984208,2888,1178,7193442.57,11874.54598
223,49,051,940501,49051940501,9405.01,Census Tract,G5020,S,2403025608,68611656,40.300733,-111.0820069,4026,3531,4254047103,438917.0853
288,49,013,940502,49013940502,9405.02,Census Tract,G5020,S,66640490,51513,40.3115865,-110.0221147,5619,1850,114823061.8,68494.87559
9,49,013,940600,49013940600,9406,Census Tract,G5020,S,2044714620,5910906,40.3088489,-110.1764782,7095,2880,3530626791,402367.2609
654,49,037,942000,49037942000,9420,Census Tract,G5020,S,2220604899,8760375,37.1948026,-109.3389774,3595,1296,3518328899,380031.7329
652,49,037,942100,49037942100,9421,Census Tract,G5020,S,2962764354,74416830,37.1031945,-110.3979381,2482,815,4784534749,762239.8041
102,49,033,950100,49033950100,9501,Census Tract,G5020,S,2664700959,149106532,41.6275976,-111.2402269,2510,3100,5041025738,401341.1697
451,49,003,960100,49003960100,9601,Census Tract,G5020,S,13531188545,2288660990,41.5165611,-113.1734542,3498,1311,28243054552,792994.1247
24,49,009,960100,49009960100,9601,Census Tract,G5020,S,1805185844,61230034,40.890099,-109.5057855,935,1138,3268811263,359440.9381
640,49,031,960100,49031960100,9601,Census Tract,G5020,S,1964345826,20285697,38.3358805,-112.1293755,1438,848,3230773924,288368.5379
8,49,051,960100,49051960100,9601,Census Tract,G5020,S,12452735,0,40.5145086,-111.4251092,5016,1621,21568583.91,23952.33587
461,49,003,960200,49003960200,9602,Census Tract,G5020,S,259446622,548733,41.7085426,-112.0590976,8037,2600,467007338.4,166792.2553
228,49,051,960201,49051960201,9602.01,Census Tract,G5020,S,4004719,0,40.4952763,-111.4032842,4252,1249,6932366.949,12174.71259
231,49,051,960202,49051960202,9602.02,Census Tract,G5020,S,16784644,0,40.5259274,-111.389367,5236,1831,29081347.6,32406.65508
230,49,051,960203,49051960203,9602.03,Census Tract,G5020,S,37833891,0,40.4842971,-111.3507528,4017,1183,65471125.64,54421.61548
226,49,051,960204,49051960204,9602.04,Census Tract,G5020,S,11431691,0,40.4687365,-111.4142506,3976,1126,19773328.17,36003.4145
185,49,003,960301,49003960301,9603.01,Census Tract,G5020,S,26001610,0,41.698192,-112.1366899,4500,1492,46676243.37,47265.48095
186,49,003,960302,49003960302,9603.02,Census Tract,G5020,S,9842735,0,41.714808,-112.1911239,5746,1854,17678034.23,20124.92005
450,49,003,960400,49003960400,9604,Census Tract,G5020,S,658093017,101859603,41.5599748,-112.2854779,5350,1774,1358527730,196941.0062
225,49,051,960401,49051960401,9604.01,Census Tract,G5020,S,26736911,47954,40.4970372,-111.4605061,3066,1173,46379721.41,42588.56825
229,49,051,960402,49051960402,9604.02,Census Tract,G5020,S,15715812,0,40.5187409,-111.4871053,4121,2080,27223775.89,40961.0225
452,49,003,960500,49003960500,9605,Census Tract,G5020,S,162340436,114180400,41.4420809,-112.1593052,5311,1827,492562955.6,148794.1589
224,49,051,960500,49051960500,9605,Census Tract,G5020,S,518665469,10468719,40.4249346,-111.4199269,1058,659,914310142.4,225370.9865
630,49,003,960601,49003960601,9606.01,Census Tract,G5020,S,2185423,0,41.5159999,-112.008918,3695,1359,3901192.348,8971.033343
149,49,003,960602,49003960602,9606.02,Census Tract,G5020,S,31144277,0,41.5292993,-111.9843776,2620,906,55618189.47,42499.83339
459,49,003,960701,49003960701,9607.01,Census Tract,G5020,S,3947945,0,41.4956683,-112.0270062,5379,1858,7043065.758,12037.59602
458,49,003,960702,49003960702,9607.02,Census Tract,G5020,S,3141802,0,41.4966366,-112.0069151,2893,1183,5605089.086,9472.021794
460,49,003,960801,49003960801,9608.01,Census Tract,G5020,S,181918513,42395506,41.4243794,-111.9938223,5166,1687,399289973.1,125685.2658
462,49,003,960802,49003960802,9608.02,Census Tract,G5020,S,11777242,6306,41.4691763,-112.0387186,5471,1666,21005105.45,21925.57495
697,49,043,964101,49043964101,9641.01,Census Tract,G5020,S,902859039,6063488,41.0429616,-111.263989,2269,950,1599522908,227800.8091
545,49,043,964103,49043964103,9641.03,Census Tract,G5020,S,109568280,4294862,40.7583371,-111.4089096,1308,997,198637421.7,84036.88326
544,49,043,964104,49043964104,9641.04,Census Tract,G5020,S,776055659,1128037,40.8985383,-111.1938983,2222,817,1361544833,221361.0844
695,49,043,964201,49043964201,9642.01,Census Tract,G5020,S,182677757,24484,40.6346198,-111.2767768,4438,1852,317594865.3,117741.3589
696,49,043,964202,49043964202,9642.02,Census Tract,G5020,S,219882592,33556,40.7243305,-111.2598753,3216,1266,383295838.1,94254.14959
694,49,043,964203,49043964203,9642.03,Census Tract,G5020,S,2395001175,14427342,40.8572197,-110.485304,192,1406,4214266190,431118.4629
701,49,043,964303,49043964303,9643.03,Census Tract,G5020,S,33249554,0,40.7755086,-111.6025382,3276,1197,58038079.71,42805.03213
699,49,043,964304,49043964304,9643.04,Census Tract,G5020,S,22693160,0,40.731384,-111.5902664,5531,2337,39559440.62,28082.7546
38,49,043,964305,49043964305,9643.05,Census Tract,G5020,S,37074204,14904,40.6680232,-111.5825743,2285,2325,64552436.97,42812.0208
700,49,043,964306,49043964306,9643.06,Census Tract,G5020,S,74564531,0,40.7756536,-111.5073438,3397,1920,130155214.4,73051.67031
702,49,043,964307,49043964307,9643.07,Census Tract,G5020,S,13427587,0,40.7120633,-111.5191116,5382,2238,23393918.46,23496.75561
698,49,043,964308,49043964308,9643.08,Census Tract,G5020,S,21600587,0,40.6862862,-111.4994179,3238,1868,37604260.73,27341.00597
37,49,043,964401,49043964401,9644.01,Census Tract,G5020,S,31392389,15493,40.6366155,-111.528697,1473,2537,54607271.95,34917.47278
36,49,043,964402,49043964402,9644.02,Census Tract,G5020,S,24729757,614999,40.6487373,-111.4759126,4130,3964,44073613.49,39428.58395
331,49,047,968201,49047968201,9682.01,Census Tract,G5020,S,2364496757,13664018,40.5012776,-109.2758949,4912,1726,4117751702,310231.8693
332,49,047,968202,49047968202,9682.02,Census Tract,G5020,S,252491485,3721334,40.2981217,-109.5695741,3586,1167,441154945.4,100083.5839
517,49,047,968301,49047968301,9683.01,Census Tract,G5020,S,253662572,1072821,40.3536962,-109.7116959,5921,2179,439199712.4,104902.1428
515,49,047,968302,49047968302,9683.02,Census Tract,G5020,S,1231135787,6665021,40.6148878,-109.6422627,4752,1713,2151814874,245317.2457
516,49,047,968401,49047968401,9684.01,Census Tract,G5020,S,7516567,0,40.4609894,-109.520032,3589,1653,12998377.51,16875.06711
333,49,047,968403,49047968403,9684.03,Census Tract,G5020,S,18767350,0,40.4207372,-109.5621138,3707,1416,32415766.82,30564.68796
334,49,047,968404,49047968404,9684.04,Census Tract,G5020,S,10531861,0,40.4338715,-109.5186385,3601,1623,18198144.16,17116.63071
46,49,029,970101,49029970101,9701.01,Census Tract,G5020,S,931453609,1632537,41.1815239,-111.5068319,6568,1839,1648750855,248895.08
47,49,029,970102,49029970102,9701.02,Census Tract,G5020,S,79770416,0,41.0297021,-111.6277031,4058,1306,140307749.7,67716.06072
136,49,029,970200,49029970200,9702,Census Tract,G5020,S,566515386,2804832,40.9251817,-111.7298232,1669,558,998862549.8,197381.1097
363,49,039,972101,49039972101,9721.01,Census Tract,G5020,S,514365876,1155224,39.483504,-111.3979113,4575,1829,866607244.1,164036.0405
364,49,039,972102,49039972102,9721.02,Census Tract,G5020,S,613186264,836192,39.6964136,-111.3818117,3579,1963,1038222546,175987.974
628,49,039,972200,49039972200,9722,Census Tract,G5020,S,633624156,1493529,39.5914366,-111.6221404,4138,1415,1070823303,221258.4681
627,49,039,972300,49039972300,9723,Census Tract,G5020,S,943267584,22463203,39.2282925,-111.8534084,5580,1378,1611609726,206917.2993
362,49,039,972401,49039972401,9724.01,Census Tract,G5020,S,63587228,117078,39.3287343,-111.6393915,1767,691,106645411.9,51952.61201
361,49,039,972402,49039972402,9724.02,Census Tract,G5020,S,81452938,0,39.3462326,-111.5295703,4174,1244,136381437.5,75447.12924
626,49,039,972500,49039972500,9725,Census Tract,G5020,S,1268417411,5984145,39.1808317,-111.5039098,4624,1717,2123852706,254334.2698
275,49,027,974100,49027974100,9741,Census Tract,G5020,S,1227915842,8816332,39.3921901,-112.3541362,5040,1803,2073443165,222773.0975
273,49,027,974200,49027974200,9742,Census Tract,G5020,S,11194517883,119717119,39.1335044,-113.3756836,2918,1152,18824007707,696315.9039
274,49,027,974300,49027974300,9743,Census Tract,G5020,S,5151929847,4778364,38.9027524,-112.7160188,5017,1952,8524934138,518502.4669
510,49,041,975100,49041975100,9751,Census Tract,G5020,S,1375097322,497649,38.9218975,-111.6550426,4603,1945,2276612029,289295.5205
514,49,041,975200,49041975200,9752,Census Tract,G5020,S,2471467921,19152205,38.7066661,-111.7207221,2624,1277,4094885717,384592.4789
512,49,041,975300,49041975300,9753,Census Tract,G5020,S,137975179,0,38.7919304,-112.1549406,5054,1856,227448630.5,81121.40223
511,49,041,975400,49041975400,9754,Census Tract,G5020,S,50594819,0,38.7429638,-112.0829908,4099,1405,83290808.13,63524.8049
513,49,041,975500,49041975500,9755,Census Tract,G5020,S,912864815,610874,38.5990003,-112.2371066,5142,2034,1497856470,214923.5575
633,49,015,976200,49015976200,9762,Census Tract,G5020,S,2071632114,5400791,39.3323577,-110.8132087,3844,1513,3476412935,477184.9748
632,49,015,976300,49015976300,9763,Census Tract,G5020,S,703042428,5277403,39.3016408,-111.147993,2903,1226,1183596735,199394.8802
716,49,015,976500,49015976500,9765,Census Tract,G5020,S,8782568293,14165655,38.9311083,-110.6644589,3078,1330,14543130991,917894.6966
653,49,037,978100,49037978100,9781,Census Tract,G5020,S,5773384256,17931507,38.1009569,-109.3743934,3562,1564,9365489033,683555.2337
651,49,037,978200,49037978200,9782,Census Tract,G5020,S,9296421093,192709561,37.6174788,-109.9834213,4879,1814,15146346616,1091653.872
20,49,055,979100,49055979100,9791,Census Tract,G5020,S,6374011495,15049641,38.2598402,-110.990877,2486,1678,10397226357,568541.0551
378,49,011,980000,49011980000,9800,Census Tract,G5020,S,23460776,52503,41.1291265,-111.9919303,550,80,41479991.41,30953.6673
25,49,035,980000,49035980000,9800,Census Tract,G5020,S,39295596,83499,40.7938465,-111.9777716,16,8,68773479.11,41958.73371
21,49,045,980000,49045980000,9800,Census Tract,G5020,S,325521503,699910792,40.8506117,-112.5006893,0,0,1794178945,182801.9425
256,49,005,980100,49005980100,9801,Census Tract,G5020,S,1838176975,1045465,41.6748774,-111.6452383,115,406,3299823135,338440.7554
339,49,035,980100,49035980100,9801,Census Tract,G5020,S,4511850,0,40.6225946,-111.9946834,10,5,7839770.688,13156.2679
97,49,049,980100,49049980100,9801,Census Tract,G5020,S,79228326,810,40.4169986,-112.0446402,0,0,136836307.7,74499.47995
227,49,051,980100,49051980100,9801,Census Tract,G5020,S,1801343,0,40.4814282,-111.4245108,20,9,3116944.777,10513.52408
347,49,049,980200,49049980200,9802,Census Tract,G5020,S,646147,0,40.2595686,-111.64212,2035,789,1110779.172,5270.781251
209,49,049,980300,49049980300,9803,Census Tract,G5020,S,5645801,0,40.2098914,-111.6529642,3707,1348,9691404.945,16021.48497
345,49,049,980400,49049980400,9804,Census Tract,G5020,S,3386537,0,40.2338747,-111.6237522,320,10,5817327.195,11569.27457
210,49,049,980500,49049980500,9805,Census Tract,G5020,S,6012485,0,40.2022326,-111.6318777,1616,733,10318577.39,18155.20668
360,49,049,980600,49049980600,9806,Census Tract,G5020,S,5124665,154991,40.2169282,-111.7210797,0,0,9064300.75,21323.67797